type,rate,bytes,duration,duration_min,duration_max,downtime,downtime_min,downtime_max
stopcopy,1000,256,2361.39,2360.82,2363.76,2348.86,2348.08,2351.05
stopcopy,2000,256,2358.4,2357.39,2363.58,2345.7,2345.39,2350.32
stopcopy,3000,256,2356.83,2353.99,2357.96,2344.93,2340.79,2345.29
stopcopy,4000,256,2358.57,2354.09,2403.26,2345.96,2342.36,2389.98
stopcopy,5000,256,2355.01,2354.62,2357.65,2343.14,2342.24,2344.3
stopcopy,6000,256,2361.08,2356.01,2361.53,2348.05,2344.39,2348.65
stopcopy,7000,256,2358.89,2356.5,2360.57,2345.42,2344.31,2348.08
stopcopy,8000,256,2354.8,2353.92,2357.96,2342.62,2340.48,2345.29
stopcopy,9000,256,2360.96,2357.39,2361.41,2348.47,2343.83,2348.79
stopcopy,10000,256,2363.94,2358.14,2364.28,2350.22,2345.57,2351.69
stopcopy,11000,256,2353.71,2353.57,2358.47,2341.06,2340.15,2346.04
stopcopy,12000,256,2363.15,2355.13,2368.04,2350.55,2342.64,2354.58
stopcopy,13000,256,2357.11,2355.8,2357.34,2343.5,2342.97,2345.09
stopcopy,14000,256,2357.72,2356.9,2363.47,2344.93,2343.34,2351.05
stopcopy,15000,256,2357.52,2356.11,2362.74,2344.59,2342.52,2350.69
stopcopy,16000,256,2361.97,2355.79,2363.14,2349.44,2342.8,2349.67
stopcopy,17000,256,2358.2,2357.31,2365.29,2345.31,2345.04,2351.54
stopcopy,18000,256,2356.85,2354.88,2373.14,2343.69,2342.93,2359.41
stopcopy,19000,256,2353.88,2353.57,2725.09,2341.6,2340.1,2712.18
stopcopy,20000,256,2356.28,2355.26,2362.53,2344.34,2341.59,2349.64
stopcopy,21000,256,2357.27,2354.0,2357.73,2343.99,2341.86,2344.49
stopcopy,22000,256,2356.03,2354.06,2369.84,2343.83,2340.25,2356.98
stopcopy,23000,256,2357.22,2356.63,2363.16,2343.75,2343.62,2350.78
stopcopy,24000,256,2355.14,2354.93,2357.92,2342.54,2341.16,2344.98
stopcopy,25000,256,2358.95,2358.87,2362.59,2346.25,2346.04,2349.12
stopcopy,26000,256,2357.59,2356.62,2361.38,2344.72,2343.76,2347.86
stopcopy,27000,256,2358.84,2356.3,2361.81,2345.39,2343.44,2348.87
stopcopy,28000,256,2363.03,2353.88,2365.27,2350.23,2341.2,2351.84
stopcopy,29000,256,2354.84,2354.12,2357.64,2341.78,2340.79,2344.86
stopcopy,30000,256,2354.03,2353.89,2354.64,2341.25,2340.75,2341.5
