lost_pct,cdf
0.3937,0.0003
0.5709,0.0005
0.6067,0.0008
0.6659,0.001
0.6972,0.0013
0.7821,0.0015
0.7968,0.0018
0.8048,0.002
0.8055,0.0023
0.8056,0.0025
0.8172,0.0028
0.8325,0.003
0.8351,0.0033
0.8484,0.0035
0.8511,0.0038
0.8611,0.004
0.884,0.0043
0.8946,0.0045
0.9029,0.005
0.9054,0.0053
0.9091,0.0055
0.9122,0.0058
0.9149,0.006
0.9231,0.0063
0.9365,0.0065
0.9395,0.0068
0.9444,0.007
0.9494,0.0073
0.9524,0.0075
0.9595,0.0078
0.9605,0.008
0.9625,0.0083
0.9709,0.0088
0.9804,0.009
0.9815,0.0093
0.9911,0.0095
0.9921,0.0098
0.994,0.01
0.995,0.0103
0.996,0.0105
0.9978,0.0108
1.006,0.011
1.0067,0.0113
1.0111,0.0115
1.0129,0.0118
1.0142,0.012
1.0181,0.0123
1.0216,0.0126
1.0341,0.0128
1.0352,0.0131
1.0363,0.0133
1.0406,0.0138
1.0417,0.0141
1.0438,0.0146
1.0446,0.0148
1.0502,0.0151
1.0526,0.0153
1.0551,0.0156
1.0604,0.0158
1.0661,0.0161
1.0672,0.0163
1.0784,0.0166
1.0834,0.0171
1.0848,0.0173
1.0881,0.0181
1.0891,0.0183
1.0893,0.0191
1.0905,0.0193
1.0913,0.0196
1.0929,0.0198
1.0945,0.0201
1.0953,0.0211
1.0956,0.0216
1.1013,0.0218
1.1044,0.0221
1.105,0.0223
1.11,0.0226
1.1122,0.0233
1.1202,0.0236
1.1213,0.0238
1.1224,0.0243
1.1282,0.0246
1.1287,0.0248
1.1294,0.0251
1.1312,0.0254
1.1352,0.0259
1.1364,0.0261
1.139,0.0264
1.1399,0.0266
1.1403,0.0269
1.1435,0.0271
1.1446,0.0279
1.1458,0.0281
1.1494,0.0284
1.1506,0.0286
1.1516,0.0289
1.155,0.0291
1.1605,0.0294
1.1639,0.0296
1.164,0.0301
1.165,0.0304
1.1653,0.0309
1.1665,0.0311
1.169,0.0314
1.1702,0.0321
1.1723,0.0324
1.1779,0.0326
1.1799,0.0329
1.1834,0.0331
1.1841,0.0334
1.1905,0.0339
1.1918,0.0344
1.194,0.0346
1.1952,0.0349
1.1983,0.0351
1.1996,0.0354
1.2035,0.0356
1.2048,0.0364
1.2088,0.0366
1.2121,0.0371
1.222,0.0374
1.2245,0.0379
1.227,0.0389
1.2282,0.0392
1.2291,0.0394
1.232,0.0397
1.2333,0.0399
1.2346,0.0402
1.2384,0.0407
1.2397,0.0409
1.241,0.0412
1.2487,0.0422
1.25,0.0424
1.2526,0.0434
1.2539,0.0439
1.2543,0.0442
1.2552,0.0452
1.2585,0.0457
1.2592,0.0459
1.2609,0.0462
1.2618,0.0469
1.2632,0.0472
1.2658,0.0474
1.2671,0.0477
1.2685,0.0479
1.2698,0.0482
1.2712,0.0484
1.2725,0.0487
1.2739,0.0492
1.2745,0.0497
1.2752,0.0499
1.2766,0.0505
1.2793,0.0507
1.2795,0.051
1.2807,0.0512
1.2833,0.0515
1.2835,0.0517
1.2884,0.0522
1.2889,0.0527
1.2897,0.053
1.2903,0.0532
1.291,0.0535
1.2917,0.0542
1.2922,0.0547
1.2931,0.0552
1.2935,0.0555
1.2945,0.0557
1.2948,0.0562
1.2956,0.0567
1.2987,0.0575
1.3001,0.0582
1.3026,0.0587
1.3029,0.059
1.3039,0.0595
1.3052,0.0597
1.3058,0.0602
1.3065,0.0607
1.3072,0.061
1.3078,0.062
1.3092,0.0628
1.31,0.063
1.3115,0.0635
1.3118,0.0638
1.3129,0.064
1.3131,0.0643
1.3143,0.0645
1.3198,0.0648
1.3216,0.065
1.323,0.0653
1.3238,0.0655
1.3252,0.066
1.3265,0.0668
1.327,0.067
1.3292,0.0675
1.3304,0.068
1.3306,0.0683
1.3333,0.0688
1.3361,0.0698
1.3416,0.0703
1.3444,0.0708
1.3453,0.071
1.3458,0.0713
1.3472,0.0718
1.3499,0.072
1.3514,0.0723
1.3528,0.0733
1.354,0.0735
1.3542,0.0748
1.3544,0.0756
1.3556,0.0763
1.357,0.0776
1.3584,0.0783
1.3598,0.0793
1.3613,0.0798
1.3621,0.0803
1.3632,0.0806
1.3641,0.0808
1.3645,0.0811
1.3667,0.0813
1.367,0.0816
1.3683,0.0821
1.3684,0.0823
1.3713,0.0828
1.3725,0.0841
1.3742,0.0846
1.3752,0.0848
1.3757,0.0856
1.3766,0.0858
1.3771,0.0863
1.3777,0.0866
1.378,0.0873
1.3786,0.0881
1.3807,0.0886
1.3809,0.0889
1.3815,0.0891
1.3834,0.0894
1.3859,0.0904
1.3861,0.0914
1.3875,0.0919
1.3902,0.0921
1.3903,0.0929
1.3917,0.0931
1.3972,0.0934
1.3978,0.0936
1.3994,0.0939
1.4002,0.0941
1.4024,0.0946
1.4068,0.0949
1.4069,0.0954
1.407,0.0959
1.4071,0.0961
1.4085,0.0981
1.4099,0.0986
1.4115,0.0989
1.4127,0.0991
1.4134,0.0996
1.4146,0.1002
1.4161,0.1009
1.4177,0.1012
1.4192,0.1014
1.4199,0.1019
1.4208,0.1022
1.4213,0.1027
1.4218,0.1034
1.4239,0.1037
1.4242,0.1042
1.4245,0.1044
1.4254,0.1047
1.4257,0.1052
1.4271,0.1054
1.4272,0.1057
1.4286,0.1059
1.43,0.1062
1.4313,0.1064
1.4315,0.1069
1.4317,0.1077
1.433,0.1082
1.4333,0.1084
1.4359,0.1087
1.4365,0.1092
1.4374,0.1097
1.4388,0.1104
1.4428,0.1107
1.4437,0.1114
1.4463,0.1122
1.4478,0.1127
1.4493,0.1132
1.4507,0.1137
1.4508,0.115
1.4525,0.1155
1.4538,0.1162
1.4553,0.1167
1.4568,0.1205
1.4583,0.1207
1.4599,0.1212
1.4606,0.122
1.4614,0.1232
1.462,0.124
1.4629,0.1247
1.4644,0.1255
1.466,0.1258
1.4673,0.1273
1.469,0.1278
1.4706,0.1288
1.4733,0.1293
1.4737,0.1295
1.4756,0.1298
1.4768,0.1308
1.4793,0.131
1.4799,0.1313
1.4806,0.1315
1.4815,0.1318
1.4822,0.1323
1.4823,0.133
1.4829,0.1333
1.4831,0.135
1.4837,0.1353
1.4846,0.1365
1.4851,0.1368
1.4862,0.1373
1.4881,0.1383
1.4894,0.1388
1.4896,0.1391
1.4911,0.1398
1.4925,0.1418
1.494,0.1423
1.4941,0.1428
1.496,0.1431
1.497,0.1438
1.5009,0.1441
1.503,0.1446
1.5038,0.1448
1.5045,0.1461
1.5054,0.1468
1.506,0.1478
1.507,0.1483
1.5086,0.1491
1.5091,0.1504
1.5102,0.1511
1.5106,0.1516
1.5136,0.1524
1.5152,0.1549
1.5168,0.1569
1.5169,0.1574
1.5195,0.1581
1.5201,0.1584
1.5213,0.1586
1.5228,0.1596
1.524,0.1599
1.5251,0.1606
1.5259,0.1609
1.5267,0.1616
1.5275,0.1624
1.5284,0.1627
1.5291,0.1634
1.5301,0.1637
1.5306,0.1644
1.5312,0.1647
1.5322,0.1652
1.5334,0.1659
1.5337,0.1674
1.5353,0.1682
1.5355,0.1684
1.5385,0.1692
1.5399,0.1697
1.54,0.1699
1.5416,0.1704
1.547,0.1707
1.5474,0.1709
1.5496,0.1712
1.5512,0.1717
1.5519,0.1719
1.5521,0.1722
1.5528,0.1739
1.5534,0.1742
1.5538,0.1744
1.5544,0.1757
1.5554,0.176
1.5556,0.1762
1.5576,0.1772
1.5593,0.1775
1.5609,0.1795
1.5625,0.1805
1.5641,0.182
1.5642,0.1832
1.5658,0.1842
1.566,0.1855
1.5674,0.1862
1.5686,0.1865
1.569,0.188
1.5695,0.1883
1.5707,0.1885
1.5717,0.1893
1.5733,0.19
1.574,0.1903
1.5755,0.1908
1.5773,0.1918
1.5789,0.1925
1.5795,0.193
1.581,0.1933
1.5823,0.194
1.5837,0.1943
1.5842,0.1953
1.5873,0.196
1.5889,0.1963
1.589,0.1965
1.5891,0.197
1.5905,0.1978
1.5907,0.1983
1.592,0.1985
1.5924,0.1988
1.5936,0.1998
1.5945,0.2003
1.5947,0.2006
1.5957,0.2016
1.5968,0.2023
1.5991,0.2038
1.6009,0.2041
1.6032,0.2043
1.6048,0.2048
1.6064,0.2063
1.6073,0.2068
1.608,0.2071
1.6097,0.2091
1.611,0.2093
1.6112,0.2098
1.6113,0.2101
1.6114,0.2103
1.6129,0.2106
1.6144,0.2111
1.6145,0.2118
1.6146,0.2121
1.6162,0.2123
1.6164,0.2131
1.6175,0.2139
1.6178,0.2144
1.6221,0.2156
1.6227,0.2161
1.6234,0.2169
1.6237,0.2176
1.6244,0.2191
1.6251,0.2201
1.6277,0.2206
1.6287,0.2216
1.6293,0.2234
1.631,0.2241
1.6315,0.2249
1.6322,0.2257
1.6327,0.2259
1.6336,0.2264
1.634,0.2277
1.6343,0.2282
1.6358,0.2284
1.636,0.2292
1.6362,0.2299
1.6376,0.2307
1.6377,0.2322
1.641,0.2327
1.6411,0.2332
1.6413,0.2334
1.6427,0.2337
1.6429,0.2339
1.6444,0.2349
1.6447,0.2354
1.6457,0.2359
1.6468,0.2367
1.6484,0.2369
1.6489,0.2374
1.649,0.238
1.6505,0.2385
1.6512,0.239
1.652,0.2397
1.6529,0.2407
1.6538,0.2415
1.6546,0.2425
1.6553,0.2432
1.6563,0.2437
1.6569,0.2442
1.6575,0.2452
1.658,0.247
1.6615,0.248
1.663,0.2485
1.6632,0.2487
1.6634,0.249
1.6648,0.2492
1.6649,0.2508
1.6667,0.253
1.6682,0.2533
1.6684,0.2553
1.6699,0.2558
1.6701,0.257
1.6716,0.2583
1.6719,0.259
1.6732,0.2595
1.6736,0.262
1.6754,0.2623
1.676,0.2631
1.6765,0.2636
1.6779,0.2638
1.6782,0.2643
1.6789,0.2653
1.6815,0.2661
1.6816,0.2668
1.6824,0.2686
1.6832,0.2698
1.6848,0.2701
1.6865,0.2703
1.6886,0.2708
1.6899,0.2721
1.6913,0.2723
1.693,0.2738
1.6931,0.2754
1.6932,0.2766
1.6949,0.2789
1.6966,0.2796
1.6967,0.2799
1.6968,0.2804
1.7003,0.2811
1.7017,0.2814
1.7021,0.2824
1.7026,0.2831
1.7034,0.2839
1.7051,0.2841
1.7058,0.2854
1.7062,0.2859
1.7068,0.2866
1.7076,0.2874
1.7084,0.2879
1.7085,0.2897
1.7094,0.2914
1.7103,0.2929
1.712,0.2937
1.7127,0.2939
1.7154,0.2942
1.7172,0.2952
1.7186,0.2957
1.7189,0.2972
1.7192,0.2979
1.7204,0.2987
1.7223,0.2997
1.7241,0.3002
1.7259,0.3005
1.726,0.3007
1.7294,0.3012
1.7297,0.3017
1.7312,0.303
1.7316,0.3037
1.7324,0.3042
1.7329,0.3045
1.7335,0.306
1.7347,0.3062
1.7365,0.3072
1.7382,0.3087
1.74,0.309
1.7408,0.3095
1.741,0.3107
1.7429,0.3115
1.7436,0.312
1.7454,0.3122
1.7459,0.3125
1.7467,0.3135
1.7472,0.3163
1.7486,0.3168
1.7495,0.317
1.7503,0.3178
1.7505,0.3185
1.7525,0.3193
1.7544,0.3208
1.7562,0.3215
1.758,0.3223
1.7582,0.323
1.7585,0.3238
1.7598,0.3253
1.7609,0.3261
1.7613,0.3263
1.7617,0.3271
1.7641,0.3278
1.7647,0.3291
1.7653,0.3296
1.7668,0.3301
1.7672,0.3308
1.768,0.3311
1.769,0.3336
1.7699,0.3341
1.7708,0.3346
1.7727,0.3363
1.7738,0.3368
1.7745,0.3389
1.7751,0.3394
1.7764,0.3409
1.7769,0.3414
1.7778,0.3416
1.7782,0.3426
1.7787,0.3429
1.7801,0.3436
1.7804,0.3439
1.7822,0.3449
1.7824,0.3451
1.7838,0.3456
1.7875,0.3464
1.7876,0.3479
1.7893,0.3494
1.7895,0.3507
1.7897,0.3509
1.791,0.3514
1.7928,0.3527
1.7932,0.3534
1.7964,0.3537
1.797,0.3547
1.7989,0.3559
1.8008,0.3577
1.8009,0.3579
1.8018,0.3582
1.8028,0.3592
1.8036,0.3597
1.8044,0.3604
1.8047,0.3607
1.8054,0.3614
1.8066,0.3617
1.8072,0.363
1.8078,0.3637
1.8085,0.365
1.809,0.3665
1.8109,0.3675
1.8124,0.3685
1.8127,0.3702
1.813,0.3707
1.8143,0.3715
1.8147,0.3717
1.8161,0.372
1.8163,0.3725
1.8182,0.3727
1.82,0.3732
1.8223,0.374
1.8244,0.3745
1.8256,0.3747
1.826,0.3753
1.8274,0.3755
1.828,0.3765
1.8287,0.3768
1.8293,0.377
1.8298,0.3773
1.8299,0.3775
1.8311,0.378
1.8319,0.3785
1.833,0.3793
1.8339,0.3798
1.8349,0.3808
1.8367,0.381
1.837,0.3813
1.8375,0.382
1.8378,0.383
1.8386,0.3835
1.8393,0.3838
1.8398,0.3858
1.8405,0.3873
1.8412,0.3878
1.8416,0.3888
1.8418,0.3903
1.8424,0.3913
1.8447,0.3918
1.8458,0.3928
1.8462,0.3933
1.848,0.3941
1.8482,0.3943
1.8498,0.3951
1.8499,0.3966
1.85,0.3971
1.8519,0.3998
1.8536,0.4001
1.8539,0.4006
1.8559,0.4009
1.8576,0.4019
1.8579,0.4024
1.8591,0.4026
1.8595,0.4036
1.86,0.4046
1.8627,0.4056
1.8634,0.4061
1.864,0.4066
1.8653,0.4079
1.867,0.4084
1.8681,0.4086
1.8682,0.4099
1.8692,0.4106
1.8701,0.4127
1.8711,0.4142
1.873,0.4187
1.8738,0.4189
1.8743,0.4197
1.875,0.4204
1.8756,0.4212
1.8757,0.4214
1.8762,0.4219
1.877,0.4227
1.8785,0.4229
1.8789,0.4249
1.8793,0.4252
1.8809,0.427
1.8812,0.4277
1.8828,0.4287
1.8831,0.4292
1.8846,0.4295
1.8847,0.4297
1.8848,0.4302
1.8849,0.4307
1.8868,0.4315
1.8887,0.432
1.8888,0.4325
1.8889,0.4332
1.8905,0.434
1.8924,0.4355
1.8927,0.4367
1.8947,0.437
1.8957,0.4375
1.8962,0.439
1.8987,0.44
1.8993,0.4415
1.8994,0.4423
1.9016,0.443
1.9019,0.4433
1.9027,0.4435
1.9029,0.4443
1.9048,0.4445
1.9057,0.4455
1.9058,0.446
1.9068,0.4475
1.9088,0.449
1.9095,0.4493
1.9102,0.4498
1.9108,0.4506
1.9115,0.4518
1.9129,0.4528
1.9134,0.4536
1.9149,0.4548
1.9173,0.4556
1.9187,0.4566
1.919,0.4583
1.9192,0.4591
1.921,0.4593
1.9211,0.4603
1.9213,0.4608
1.9249,0.4623
1.9289,0.4631
1.9309,0.4634
1.9337,0.4639
1.9342,0.4646
1.9348,0.4659
1.9355,0.4669
1.9361,0.4676
1.9362,0.4681
1.9368,0.4696
1.9376,0.4706
1.9384,0.4711
1.9388,0.4726
1.9397,0.4731
1.9408,0.4736
1.9417,0.4746
1.9427,0.4754
1.9447,0.4759
1.9459,0.4764
1.9462,0.4767
1.9474,0.4774
1.9481,0.4779
1.9487,0.4784
1.9493,0.4802
1.9502,0.4819
1.9507,0.4824
1.9518,0.4829
1.9527,0.4839
1.9544,0.4844
1.9563,0.4849
1.9569,0.4859
1.9587,0.4862
1.9608,0.4887
1.9628,0.4892
1.9629,0.4905
1.9646,0.4912
1.9648,0.4922
1.9651,0.4932
1.9666,0.4942
1.9669,0.4947
1.9672,0.496
1.9685,0.497
1.9689,0.4997
1.9694,0.5
1.97,0.5008
1.9724,0.5013
1.973,0.5028
1.9743,0.503
1.9751,0.5043
1.9763,0.505
1.9771,0.5085
1.978,0.509
1.9782,0.51
1.9792,0.5108
1.9802,0.511
1.9812,0.5126
1.9822,0.5131
1.9824,0.5133
1.9833,0.5146
1.9837,0.5151
1.9841,0.5153
1.9846,0.5163
1.9854,0.5171
1.9861,0.5178
1.9874,0.5203
1.9881,0.5208
1.989,0.5213
1.9895,0.5223
1.99,0.5228
1.9905,0.5236
1.992,0.5246
1.993,0.5251
1.9937,0.5259
1.9943,0.5269
1.9956,0.5271
1.996,0.5284
1.9978,0.5291
1.9979,0.5314
1.9981,0.5316
2.0,0.5321
2.002,0.5324
2.0038,0.5326
2.0042,0.5334
2.0057,0.5339
2.006,0.5346
2.008,0.5354
2.0085,0.5359
2.0106,0.5369
2.0112,0.5379
2.0121,0.5389
2.0127,0.5397
2.0128,0.5399
2.0134,0.5409
2.0141,0.5412
2.0148,0.5427
2.0154,0.5432
2.017,0.5434
2.0179,0.5442
2.0191,0.5444
2.0202,0.5452
2.0212,0.5464
2.0213,0.5479
2.0222,0.5489
2.0256,0.5499
2.0258,0.5502
2.0277,0.5505
2.0284,0.551
2.0305,0.552
2.0309,0.5525
2.0316,0.5545
2.0329,0.5547
2.0362,0.5552
2.0367,0.5567
2.0369,0.557
2.0387,0.5575
2.0388,0.5585
2.0408,0.5595
2.043,0.56
2.0431,0.5607
2.045,0.562
2.0452,0.5633
2.0468,0.564
2.0471,0.5648
2.0474,0.5655
2.0496,0.5658
2.0513,0.566
2.0525,0.5663
2.0534,0.5668
2.0541,0.5673
2.0548,0.568
2.0555,0.5698
2.0563,0.571
2.0585,0.572
2.0588,0.5728
2.0629,0.5738
2.0638,0.574
2.064,0.5748
2.0649,0.5758
2.0661,0.5768
2.0666,0.5783
2.0669,0.5798
2.0675,0.5818
2.0683,0.5826
2.0697,0.5828
2.0704,0.5833
2.071,0.5836
2.072,0.5838
2.0725,0.5851
2.0751,0.5856
2.0768,0.5861
2.0772,0.5866
2.0788,0.5871
2.079,0.5879
2.0792,0.5886
2.0811,0.5891
2.0812,0.5936
2.0813,0.5944
2.0833,0.5976
2.0853,0.5986
2.0854,0.5994
2.0855,0.6009
2.0875,0.6012
2.0877,0.6027
2.0879,0.6034
2.0893,0.6042
2.0899,0.6044
2.0916,0.6059
2.0921,0.6069
2.0925,0.6072
2.0932,0.6077
2.0942,0.6079
2.0948,0.6082
2.0958,0.6097
2.0986,0.6107
2.0992,0.6109
2.0994,0.6119
2.1004,0.6124
2.1012,0.6135
2.1021,0.6137
2.103,0.6145
2.1042,0.6147
2.1043,0.615
2.1063,0.6157
2.1084,0.616
2.1088,0.6165
2.1097,0.6175
2.1102,0.6177
2.1106,0.6185
2.1111,0.6187
2.1113,0.6192
2.1127,0.621
2.1142,0.6215
2.1148,0.6222
2.1164,0.6227
2.1174,0.6235
2.1179,0.6237
2.1186,0.6245
2.1191,0.625
2.1209,0.626
2.1212,0.6275
2.1229,0.629
2.1234,0.6295
2.1254,0.6303
2.1277,0.6305
2.1298,0.6313
2.13,0.632
2.1316,0.6323
2.132,0.6343
2.1322,0.6358
2.1339,0.6363
2.1341,0.6365
2.1345,0.6376
2.1359,0.6381
2.1363,0.6386
2.1385,0.6396
2.1407,0.6418
2.1422,0.6421
2.1429,0.6436
2.1442,0.6441
2.1445,0.6463
2.145,0.6466
2.1472,0.6471
2.1482,0.6473
2.1493,0.6476
2.1494,0.6483
2.1505,0.6496
2.1526,0.6498
2.1529,0.6501
2.1569,0.6511
2.1575,0.6516
2.1576,0.6519
2.1611,0.6526
2.1622,0.6531
2.1632,0.6539
2.164,0.6544
2.1645,0.6546
2.1654,0.6549
2.1668,0.6559
2.1672,0.6566
2.1694,0.6574
2.1696,0.6579
2.1716,0.6586
2.1717,0.6594
2.1718,0.6599
2.1739,0.6611
2.1761,0.6619
2.1762,0.6632
2.1763,0.6634
2.1782,0.6649
2.1786,0.6657
2.1801,0.6659
2.1804,0.6667
2.1807,0.6672
2.181,0.6677
2.1814,0.6684
2.1825,0.6687
2.183,0.6707
2.1834,0.6709
2.1842,0.6714
2.1847,0.6717
2.1852,0.6747
2.1858,0.6749
2.1864,0.6757
2.1869,0.6767
2.1875,0.6775
2.1882,0.6777
2.1884,0.678
2.1891,0.6787
2.1898,0.6792
2.1906,0.6795
2.1912,0.6802
2.1921,0.6825
2.193,0.6832
2.1944,0.6842
2.1947,0.6847
2.1956,0.686
2.1958,0.6862
2.1967,0.6872
2.1978,0.6875
2.2022,0.6878
2.2026,0.6885
2.2036,0.6898
2.2051,0.69
2.2066,0.6915
2.2082,0.6935
2.2105,0.694
2.2111,0.6945
2.2133,0.6963
2.2137,0.697
2.2152,0.6978
2.2155,0.6993
2.2173,0.6998
2.2198,0.7003
2.22,0.7006
2.2222,0.7023
2.2243,0.7031
2.2244,0.7033
2.2245,0.7036
2.2246,0.7043
2.2265,0.7048
2.2269,0.7058
2.2274,0.7066
2.2293,0.7076
2.2308,0.7078
2.2312,0.7081
2.2317,0.7083
2.233,0.7086
2.2335,0.7091
2.234,0.7096
2.2346,0.7101
2.2358,0.7103
2.2371,0.7108
2.2379,0.7113
2.2388,0.7126
2.2395,0.7134
2.2403,0.7139
2.2412,0.7144
2.2417,0.7146
2.2422,0.7149
2.2426,0.7159
2.2449,0.7169
2.2472,0.7171
2.2495,0.7179
2.2505,0.7186
2.2514,0.7194
2.2518,0.7206
2.2549,0.7216
2.2556,0.7224
2.2564,0.7226
2.2573,0.7244
2.2581,0.7254
2.2587,0.7257
2.2593,0.7259
2.2605,0.7277
2.261,0.7282
2.2616,0.7284
2.2624,0.7292
2.2629,0.7294
2.2638,0.7299
2.2682,0.7302
2.2701,0.7307
2.2703,0.7314
2.2704,0.7317
2.2727,0.7329
2.2749,0.7332
2.275,0.7334
2.2751,0.7342
2.2752,0.7349
2.2772,0.7354
2.2774,0.7357
2.2779,0.7362
2.2795,0.7364
2.2798,0.738
2.2805,0.7385
2.2817,0.7387
2.2835,0.739
2.2845,0.7395
2.2851,0.7402
2.2863,0.7412
2.2873,0.742
2.2876,0.7432
2.2886,0.7435
2.2893,0.747
2.2901,0.7475
2.2908,0.7485
2.2917,0.749
2.2923,0.7492
2.2941,0.7508
2.2951,0.7513
2.2954,0.752
2.2962,0.7523
2.2965,0.7535
2.2989,0.7548
2.3001,0.755
2.3013,0.7563
2.3015,0.757
2.302,0.7575
2.3026,0.7578
2.3037,0.7583
2.3046,0.7585
2.3069,0.76
2.3077,0.7603
2.3085,0.7608
2.3092,0.761
2.3099,0.7618
2.3116,0.7623
2.3128,0.7626
2.3134,0.7628
2.3139,0.7636
2.3153,0.7638
2.3158,0.7646
2.317,0.7648
2.3204,0.7653
2.3207,0.7663
2.3209,0.7666
2.3211,0.7668
2.3232,0.7676
2.3233,0.7683
2.3256,0.7688
2.3278,0.7693
2.328,0.7698
2.3282,0.7701
2.3301,0.7706
2.3305,0.7718
2.3307,0.7726
2.333,0.7738
2.3333,0.7748
2.3337,0.7751
2.335,0.7756
2.3374,0.7764
2.3379,0.7771
2.3392,0.7779
2.3398,0.7784
2.3404,0.7789
2.3422,0.7804
2.3445,0.7809
2.3452,0.7811
2.3454,0.7819
2.3464,0.7829
2.3479,0.7834
2.3483,0.7836
2.349,0.7839
2.3493,0.7844
2.3517,0.7846
2.3529,0.7854
2.3541,0.7856
2.3543,0.7861
2.3557,0.7869
2.3585,0.7871
2.359,0.7874
2.3599,0.7879
2.3622,0.7882
2.3631,0.7884
2.3638,0.7889
2.3656,0.7904
2.3669,0.7907
2.3681,0.7917
2.3692,0.7922
2.3697,0.7924
2.3702,0.7934
2.3707,0.7939
2.3715,0.7942
2.3736,0.7952
2.3739,0.7954
2.3742,0.7959
2.3756,0.7964
2.376,0.7969
2.3762,0.7979
2.3784,0.7982
2.3786,0.7987
2.3788,0.7992
2.381,0.8015
2.3833,0.8017
2.3834,0.8025
2.3835,0.803
2.3837,0.8035
2.3855,0.804
2.3857,0.8045
2.3878,0.805
2.3881,0.8052
2.3884,0.8055
2.3887,0.806
2.3904,0.8062
2.3909,0.8067
2.3918,0.807
2.3933,0.8092
2.3952,0.8097
2.3958,0.8102
2.3991,0.8105
2.3992,0.8107
2.4008,0.812
2.4017,0.8122
2.4033,0.8138
2.4044,0.814
2.4048,0.8145
2.4059,0.8158
2.4062,0.816
2.407,0.8165
2.4072,0.8168
2.4084,0.8173
2.4096,0.818
2.411,0.8183
2.4121,0.8198
2.4134,0.8208
2.4145,0.8213
2.4166,0.8218
2.4169,0.822
2.4176,0.8225
2.4178,0.8228
2.4185,0.8235
2.4201,0.8245
2.4211,0.8248
2.4229,0.8258
2.4242,0.8266
2.4262,0.8271
2.4267,0.8283
2.4272,0.8288
2.4309,0.8293
2.4313,0.8296
2.4319,0.8298
2.4339,0.8301
2.4343,0.8303
2.4364,0.8308
2.4365,0.8311
2.4366,0.8318
2.439,0.8343
2.4415,0.8346
2.4416,0.8351
2.4417,0.8358
2.444,0.8366
2.4442,0.8368
2.4444,0.8373
2.4462,0.8376
2.4468,0.8384
2.449,0.8391
2.4504,0.8394
2.451,0.8401
2.452,0.8404
2.454,0.8406
2.4546,0.8414
2.4558,0.8416
2.4565,0.8419
2.4581,0.8431
2.4582,0.8434
2.4606,0.8439
2.4619,0.8441
2.4641,0.8449
2.4655,0.8454
2.4664,0.8456
2.4679,0.8461
2.4691,0.8466
2.4703,0.8469
2.4704,0.8471
2.4728,0.8474
2.4731,0.8481
2.4735,0.8486
2.4738,0.8489
2.4758,0.8496
2.4768,0.8504
2.4793,0.8514
2.4802,0.8517
2.4809,0.8519
2.4811,0.8527
2.4819,0.8529
2.4826,0.8532
2.4831,0.8537
2.4833,0.8539
2.4851,0.8542
2.4865,0.8547
2.487,0.8564
2.4876,0.8567
2.4887,0.8569
2.4892,0.8587
2.49,0.8594
2.4919,0.8599
2.4922,0.8604
2.4948,0.8609
2.4952,0.8612
2.4972,0.8614
2.4973,0.8617
2.4974,0.8627
2.5,0.8632
2.5025,0.8635
2.5027,0.864
2.5052,0.8645
2.5054,0.8647
2.5057,0.865
2.5075,0.8652
2.5078,0.8665
2.5086,0.8667
2.5105,0.8672
2.5109,0.8675
2.5126,0.8677
2.5131,0.868
2.5151,0.8685
2.5176,0.869
2.5184,0.8692
2.5219,0.8697
2.5237,0.8702
2.5243,0.8705
2.5253,0.8707
2.5316,0.8715
2.5328,0.8717
2.5355,0.872
2.5358,0.8722
2.537,0.8727
2.5381,0.873
2.5397,0.8735
2.5407,0.8737
2.5432,0.874
2.544,0.8745
2.5451,0.8753
2.5458,0.8763
2.5478,0.8765
2.5484,0.8768
2.549,0.877
2.5499,0.8773
2.554,0.8775
2.5556,0.8778
2.5562,0.8783
2.5565,0.879
2.5586,0.8793
2.5589,0.88
2.5591,0.8808
2.5614,0.881
2.5641,0.882
2.5671,0.8823
2.569,0.8825
2.5694,0.8828
2.5727,0.883
2.5743,0.8833
2.5763,0.8835
2.5768,0.8838
2.5779,0.8843
2.5785,0.8845
2.5791,0.885
2.58,0.8855
2.5806,0.886
2.5826,0.8863
2.5845,0.8868
2.5853,0.8873
2.588,0.8881
2.5896,0.8891
2.5907,0.8893
2.5948,0.8896
2.5959,0.8906
2.5961,0.8916
2.5974,0.8921
2.5987,0.8926
2.5988,0.8931
2.6002,0.8936
2.6015,0.8956
2.6018,0.8958
2.6042,0.8961
2.6052,0.8963
2.6069,0.8976
2.6096,0.8981
2.6107,0.8983
2.6112,0.8986
2.6115,0.8988
2.6123,0.9001
2.6131,0.9004
2.6144,0.9006
2.6151,0.9009
2.6183,0.9011
2.6188,0.9014
2.6196,0.9016
2.6201,0.9019
2.6226,0.9021
2.6233,0.9024
2.6258,0.9029
2.6263,0.9036
2.6288,0.9044
2.6289,0.9046
2.629,0.9054
2.6316,0.9061
2.6369,0.9066
2.6371,0.9071
2.6374,0.9074
2.6432,0.9076
2.645,0.9079
2.6455,0.9081
2.6467,0.9084
2.6471,0.9086
2.6477,0.9091
2.6483,0.9096
2.6504,0.9099
2.6511,0.9104
2.6519,0.9106
2.6531,0.9109
2.6549,0.9111
2.6558,0.9114
2.6575,0.9121
2.6585,0.9132
2.6608,0.9134
2.6612,0.9137
2.6637,0.9139
2.6652,0.9142
2.6654,0.9144
2.668,0.9149
2.6681,0.9152
2.6706,0.9154
2.6718,0.9157
2.6721,0.9164
2.6786,0.9167
2.6816,0.9172
2.6832,0.9174
2.6838,0.9177
2.686,0.9179
2.6866,0.9182
2.6871,0.9184
2.6877,0.9187
2.6882,0.9189
2.6887,0.9197
2.6892,0.9202
2.694,0.9204
2.6943,0.9212
2.6946,0.9214
2.6949,0.9217
2.7027,0.9227
2.7054,0.9229
2.7055,0.9234
2.7056,0.9244
2.7088,0.9247
2.7091,0.9249
2.7106,0.9252
2.7112,0.9257
2.7136,0.926
2.714,0.9262
2.7144,0.9265
2.7163,0.9275
2.7168,0.9277
2.7197,0.9287
2.7205,0.929
2.7233,0.9292
2.7263,0.9295
2.7282,0.9302
2.729,0.9305
2.7293,0.9307
2.7322,0.931
2.7366,0.9312
2.7382,0.9315
2.7397,0.9317
2.7411,0.9325
2.7412,0.9327
2.7426,0.933
2.7447,0.9335
2.7451,0.9337
2.7467,0.9342
2.7484,0.9345
2.7495,0.935
2.7532,0.9357
2.7542,0.9362
2.7551,0.9365
2.7555,0.9367
2.7572,0.9372
2.7601,0.9375
2.7607,0.9378
2.7618,0.9383
2.7624,0.9385
2.7636,0.939
2.7641,0.9393
2.766,0.9395
2.7695,0.9398
2.7698,0.94
2.7716,0.9403
2.7719,0.9405
2.7721,0.941
2.7747,0.9413
2.7749,0.942
2.7831,0.9423
2.7833,0.9425
2.7864,0.9428
2.7893,0.9433
2.7911,0.9438
2.7921,0.944
2.7927,0.9443
2.7933,0.9445
2.7944,0.9448
2.7979,0.9453
2.8027,0.9455
2.8037,0.9458
2.8047,0.946
2.8096,0.9465
2.8108,0.9468
2.8112,0.947
2.8136,0.9473
2.8139,0.9475
2.8141,0.9483
2.8154,0.9485
2.8184,0.949
2.8213,0.9493
2.8243,0.9495
2.8254,0.9498
2.8265,0.9501
2.8281,0.9503
2.8292,0.9506
2.8311,0.9508
2.8322,0.9513
2.8332,0.9516
2.8391,0.9518
2.8398,0.9523
2.8426,0.9526
2.8446,0.9528
2.8484,0.9533
2.8506,0.9536
2.8515,0.9538
2.8543,0.9541
2.8545,0.9543
2.8571,0.9548
2.8601,0.9551
2.8602,0.9553
2.8628,0.9556
2.863,0.9561
2.8632,0.9563
2.8634,0.9566
2.8666,0.9568
2.8703,0.9571
2.8777,0.9578
2.8791,0.9581
2.8874,0.9583
2.8884,0.9588
2.8889,0.9591
2.8896,0.9596
2.8926,0.9601
2.8956,0.9606
2.9029,0.9608
2.9064,0.9611
2.9076,0.9616
2.9087,0.9618
2.9098,0.9621
2.9146,0.9623
2.9148,0.9626
2.9167,0.9629
2.9175,0.9636
2.9197,0.9639
2.924,0.9641
2.9277,0.9644
2.9289,0.9646
2.9293,0.9649
2.9323,0.9656
2.938,0.9659
2.9381,0.9661
2.9412,0.9666
2.944,0.9669
2.9443,0.9676
2.9446,0.9679
2.947,0.9681
2.9532,0.9686
2.9592,0.9689
2.9598,0.9691
2.9644,0.9694
2.9647,0.9696
2.9692,0.9699
2.9703,0.9701
2.9762,0.9704
2.9834,0.9706
2.9919,0.9709
3.0052,0.9711
3.0177,0.9714
3.0211,0.9716
3.0303,0.9726
3.0468,0.9731
3.0474,0.9734
3.0501,0.9736
3.0534,0.9739
3.0543,0.9741
3.0572,0.9744
3.0601,0.9746
3.0647,0.9749
3.0655,0.9752
3.0702,0.9754
3.0706,0.9757
3.072,0.9759
3.0752,0.9762
3.0769,0.9764
3.0876,0.9767
3.095,0.9769
3.096,0.9772
3.0978,0.9774
3.1042,0.9777
3.1056,0.9779
3.1093,0.9782
3.1156,0.9784
3.1217,0.9789
3.1219,0.9792
3.1283,0.9794
3.1285,0.9797
3.1419,0.9802
3.1546,0.9804
3.1653,0.9807
3.1746,0.9809
3.178,0.9812
3.2096,0.9814
3.2124,0.9817
3.2191,0.9819
3.2223,0.9822
3.2258,0.9824
3.2325,0.9827
3.235,0.9829
3.2356,0.9832
3.2368,0.9834
3.2427,0.9837
3.2587,0.9839
3.2731,0.9842
3.2874,0.9844
3.2944,0.9847
3.3066,0.9849
3.3133,0.9854
3.3149,0.9857
3.3369,0.9859
3.386,0.9862
3.3954,0.9864
3.4161,0.9867
3.4247,0.9869
3.4368,0.9872
3.437,0.9874
3.467,0.9877
3.5446,0.988
3.6275,0.9882
3.838,0.9885
4.4379,0.9887
5.5974,0.989
5.7436,0.9892
6.3618,0.9895
6.4208,0.9897
6.5502,0.99
7.431,0.9902
7.6923,0.9905
7.9787,0.9907
7.9914,0.991
8.1333,0.9912
8.48,0.9915
9.6078,0.9917
10.0,0.992
12.3867,0.9922
13.2457,0.9925
13.8528,0.9927
14.3498,0.993
14.6032,0.9932
15.8954,0.9935
16.0,0.9937
17.5801,0.994
20.1271,0.9942
20.1533,0.9945
23.9407,0.9947
23.9437,0.995
24.4966,0.9952
25.4395,0.9955
30.6452,0.9957
30.9168,0.996
32.5413,0.9962
32.7968,0.9965
34.1151,0.9967
34.3891,0.997
36.8149,0.9972
37.8115,0.9975
39.6939,0.9977
42.7996,0.998
44.3961,0.9982
44.5015,0.9985
49.5317,0.9987
50.7431,0.999
60.0653,0.9992
79.0136,0.9995
84.6561,0.9997
86.1111,1.0
