step,lost_p50,lost_p5,lost_p95,sent,latency_p50,latency_p5,latency_p95
0.0,2.035,1.566,2.829,958.0,5.194,4.844,5.811
0.2,2.247,1.249,3.041,957.0,4.959,4.843,5.331
0.4,2.042,1.383,2.69,857.0,4.647,4.549,4.9
0.6,1.919,1.467,2.263,886.0,4.773,4.587,4.975
0.8,1.889,1.217,2.556,900.0,4.754,4.597,5.166
1.0,1.938,1.135,2.286,877.0,4.614,4.529,4.81
1.2,2.011,1.112,3.246,895.0,4.682,4.59,4.935
1.4,1.996,1.494,2.379,927.0,4.693,4.625,4.952
1.6,1.806,1.242,2.839,886.0,4.68,4.571,4.959
1.8,1.906,1.34,2.691,892.0,4.733,4.627,4.959
2.0,1.778,1.234,2.934,956.0,4.785,4.693,5.052
2.2,2.067,1.559,2.469,895.0,4.74,4.631,4.982
2.4,2.097,1.285,2.597,930.0,4.762,4.677,4.96
2.6,1.884,1.281,2.481,929.0,4.76,4.657,5.04
2.8,2.155,1.298,2.762,905.0,4.663,4.568,4.894
3.0,1.94,1.39,3.147,928.0,4.757,4.68,4.981
3.2,1.873,1.545,2.716,961.0,4.74,4.669,4.987
3.4,2.042,1.455,2.513,955.0,4.767,4.69,5.004
3.6,1.912,1.373,2.373,1020.0,4.857,4.785,5.111
3.8,1.814,1.466,2.672,1020.0,4.984,4.88,5.365
4.0,1.998,1.142,2.479,1051.0,4.95,4.859,5.261
4.2,2.072,1.459,2.855,1086.0,4.973,4.891,5.362
4.4,2.063,1.464,2.466,1018.0,4.991,4.874,5.331
4.6,1.956,1.527,2.696,1048.0,4.869,4.803,5.145
4.8,1.923,1.388,2.627,1066.0,4.92,4.871,5.171
5.0,1.832,1.371,2.772,1010.0,5.158,4.887,5.471
5.2,1.967,1.363,2.685,1093.0,5.031,4.917,5.38
5.4,1.929,1.513,2.553,985.0,4.901,4.771,5.184
5.6,2.147,1.426,2.454,978.0,5.035,4.94,5.805
5.8,2.114,1.278,2.758,1017.0,5.235,4.949,5.741
6.0,2.197,1.428,2.693,1047.0,4.985,4.878,5.32
6.2,2.273,1.369,2.871,1012.0,4.85,4.751,5.198
6.4,1.685,1.283,2.498,1009.0,4.86,4.796,5.146
6.6,1.983,1.143,2.829,958.0,4.775,4.706,5.009
6.8,1.986,1.41,2.648,982.0,4.818,4.742,5.099
7.0,1.91,1.419,2.773,916.0,4.719,4.638,4.976
7.2,2.37,1.016,3.064,886.0,4.696,4.607,4.892
7.4,2.05,1.253,2.506,878.0,4.702,4.628,4.905
7.6,2.057,1.582,2.579,948.0,4.787,4.678,5.02
7.8,1.905,1.476,2.45,945.0,4.856,4.777,5.12
8.0,1.867,1.312,2.543,991.0,4.864,4.735,5.086
8.2,2.225,1.578,3.289,944.0,4.78,4.653,4.989
8.4,2.174,1.363,2.773,943.0,4.796,4.697,5.108
8.6,1.84,1.391,2.403,924.0,4.746,4.615,4.95
8.8,1.973,1.651,2.404,963.0,4.85,4.752,5.139
9.0,1.94,1.592,2.587,1005.0,4.826,4.662,4.988
9.2,1.877,1.439,2.324,1039.0,5.008,4.956,5.397
9.4,1.873,1.145,2.612,961.0,4.918,4.785,5.171
9.6,1.909,1.368,2.863,943.0,4.822,4.729,5.124
9.8,1.979,1.135,3.026,960.0,4.803,4.72,5.1
10.0,2.022,1.474,2.663,1014.0,4.981,4.888,5.386
10.2,1.977,1.556,2.222,961.0,4.846,4.711,5.338
10.4,1.735,1.251,2.539,951.0,4.907,4.741,5.068
10.6,1.983,1.352,2.516,958.0,4.855,4.735,5.041
10.8,1.84,1.222,2.572,978.0,4.948,4.723,5.257
11.0,2.108,1.389,2.832,925.0,4.975,4.722,5.266
11.2,1.885,1.278,2.479,849.0,4.672,4.571,4.901
11.4,1.986,1.362,2.951,881.0,4.658,4.543,4.827
11.6,1.895,1.253,2.542,950.0,4.838,4.762,5.117
11.8,2.064,1.336,2.683,969.0,4.812,4.759,5.128
12.0,2.077,1.306,2.623,915.0,4.691,4.614,4.936
12.2,1.876,1.635,2.819,853.0,4.637,4.536,4.808
12.4,1.841,1.018,2.664,869.0,4.584,4.54,4.786
12.6,1.743,1.291,2.32,918.0,4.726,4.594,4.887
12.8,2.015,1.373,2.556,943.0,4.734,4.678,4.997
13.0,1.896,1.292,2.41,1002.0,4.866,4.752,5.165
13.2,1.862,1.463,2.665,940.0,4.899,4.78,5.18
13.4,1.974,1.494,2.577,937.0,4.736,4.658,5.013
13.6,2.131,1.45,2.516,962.0,4.78,4.712,5.088
13.8,2.183,1.379,2.892,1008.0,4.855,4.731,5.161
14.0,1.942,1.544,2.345,1030.0,4.943,4.89,5.252
14.2,1.907,1.356,2.352,944.0,4.706,4.649,4.964
14.4,1.894,1.246,2.761,871.0,4.622,4.521,4.795
14.6,1.764,1.307,2.442,907.0,4.669,4.588,4.896
14.8,2.303,1.316,2.862,912.0,4.674,4.586,4.9
15.0,2.106,1.441,2.783,902.0,4.653,4.604,4.912
15.2,2.144,1.36,2.615,956.0,4.818,4.712,5.283
15.4,1.921,1.517,2.634,989.0,4.883,4.818,5.279
15.6,1.942,1.326,2.469,901.0,4.673,4.58,4.912
15.8,2.063,1.298,2.72,921.0,4.715,4.64,4.974
16.0,2.066,1.648,2.707,968.0,5.027,4.763,6.178
16.2,1.949,1.17,2.734,1026.0,4.908,4.827,6.048
16.4,1.85,1.331,2.271,973.0,4.847,4.756,5.873
16.6,1.759,1.274,2.676,938.0,4.857,4.693,5.308
16.8,1.927,1.557,2.542,960.0,4.997,4.698,5.387
17.0,1.937,1.498,3.063,981.0,5.384,4.803,6.122
17.2,2.153,1.169,2.745,1022.0,5.394,4.9,6.273
17.4,1.74,1.228,2.364,977.0,5.244,4.747,6.01
17.6,1.935,1.303,2.449,982.0,5.301,4.774,6.098
17.8,1.941,1.249,2.739,953.0,5.204,4.751,5.784
18.0,2.041,1.488,2.589,931.0,5.225,4.673,5.955
18.2,1.966,1.376,2.768,941.0,5.193,4.702,5.666
18.4,2.19,1.246,2.815,959.0,5.407,4.763,6.006
18.6,1.83,1.286,2.809,929.0,5.167,4.619,5.668
18.8,2.097,1.172,2.591,930.0,5.196,4.663,5.694
19.0,2.061,1.348,2.976,946.0,5.112,4.98,5.389
19.2,2.024,1.521,2.856,914.0,5.159,4.887,5.561
19.4,1.883,1.151,2.317,956.0,5.29,5.015,5.585
19.6,1.992,1.19,2.61,1004.0,5.319,5.093,5.5
19.8,2.064,1.336,2.998,969.0,5.152,4.946,5.738
20.0,2.192,1.347,2.938,958.0,5.149,4.939,5.8
20.2,2.012,1.308,2.52,994.0,5.229,5.038,6.041
20.4,1.833,1.303,2.469,982.0,5.333,5.108,6.11
20.6,2.043,1.318,2.564,979.0,5.174,5.007,5.712
20.8,1.981,1.46,2.404,959.0,5.032,4.877,5.537
21.0,2.103,1.346,2.744,951.0,5.139,4.96,5.618
21.2,2.077,1.36,3.066,1011.0,5.23,5.155,6.393
21.4,1.848,1.217,2.787,974.0,5.114,5.012,5.689
21.6,1.826,1.283,2.478,1013.0,5.269,5.166,6.023
21.8,1.87,1.373,2.416,1016.0,5.229,5.132,6.027
22.0,1.882,1.317,2.665,983.0,5.076,4.92,5.628
22.2,2.02,1.5,2.631,990.0,5.097,5.023,5.696
22.4,2.096,1.73,2.641,1026.0,5.177,5.102,5.993
22.6,2.111,1.492,2.744,995.0,5.028,4.382,5.614
22.8,2.09,1.557,2.738,957.0,4.931,3.972,5.52
23.0,1.977,1.556,2.617,961.0,4.929,3.956,5.461
23.2,2.167,1.506,3.391,923.0,4.845,4.009,5.383
23.4,1.745,1.287,2.726,917.0,4.862,3.969,5.264
23.6,2.222,1.37,3.18,945.0,4.915,3.946,5.548
23.8,1.902,1.225,2.355,894.0,4.933,3.963,5.476
24.0,1.894,1.53,2.267,977.0,5.062,3.985,5.861
24.2,1.98,1.335,2.743,884.0,4.267,3.958,5.376
24.4,2.165,1.4,2.931,993.0,4.093,3.948,5.512
24.6,2.017,1.406,5.098,967.0,4.216,3.972,5.409
24.8,1.972,1.405,2.836,989.0,4.229,3.984,5.721
25.0,1.911,1.263,2.675,942.0,4.187,3.955,5.386
25.2,1.953,1.536,2.898,973.0,4.247,3.991,5.568
25.4,2.026,1.194,2.634,913.0,4.152,3.994,4.969
25.6,1.978,1.088,2.56,910.0,4.126,3.959,4.715
25.8,1.904,1.409,2.508,919.0,4.092,3.995,4.74
26.0,2.186,1.487,3.204,938.0,4.103,3.948,4.723
26.2,1.695,1.271,2.68,944.0,4.12,3.981,4.927
26.4,1.861,1.509,2.736,994.0,4.137,4.032,4.928
26.6,1.873,1.03,2.523,961.0,4.146,4.043,4.841
26.8,1.933,1.353,2.832,957.0,4.19,4.114,4.944
27.0,1.756,1.224,2.593,968.0,4.175,4.065,4.866
27.2,1.786,1.293,2.5,924.0,4.145,4.091,4.847
27.4,2.033,1.35,2.508,959.0,4.164,4.09,4.765
27.6,2.073,1.244,2.813,965.0,4.123,4.074,4.738
27.8,2.132,1.37,2.681,938.0,4.157,4.094,4.743
28.0,2.256,1.674,2.739,953.0,4.139,4.049,4.757
28.2,1.869,1.246,2.394,963.0,4.128,4.036,4.819
28.4,1.965,1.525,2.59,967.0,4.201,4.086,4.772
28.6,2.227,1.607,2.564,1055.0,4.188,4.112,4.923
28.8,1.838,1.252,2.722,1034.0,4.184,4.075,4.899
29.0,2.163,1.298,2.726,994.0,4.164,4.075,4.799
29.2,2.059,1.3,2.822,923.0,4.155,4.077,4.813
29.4,2.092,1.531,2.76,980.0,4.164,4.13,4.862
29.6,1.937,1.213,2.38,981.0,4.19,4.092,4.814
29.8,1.978,1.212,3.144,986.0,4.22,4.126,4.948
30.0,2.008,1.601,2.615,996.0,4.209,4.116,4.887
30.2,1.795,1.431,2.682,975.0,4.181,4.09,4.854
30.4,1.873,1.041,2.612,961.0,4.194,4.067,4.796
30.6,1.74,1.083,2.793,1006.0,4.238,4.1,5.352
30.8,2.085,1.108,2.896,1079.0,4.229,4.101,4.967
31.0,1.939,1.413,2.765,980.0,4.157,4.106,5.125
31.2,1.917,1.135,2.285,965.0,4.153,4.049,4.814
31.4,2.057,1.572,2.537,948.0,4.172,4.08,4.791
31.6,1.927,1.322,2.649,908.0,4.131,4.055,4.732
31.8,2.106,0.802,2.533,997.0,4.262,4.094,4.896
32.0,2.121,1.409,2.838,990.0,4.193,4.077,4.963
32.2,1.917,1.17,2.463,1017.0,4.222,4.098,4.835
32.4,1.992,1.295,2.595,1004.0,4.287,4.162,5.154
32.6,1.899,1.441,2.79,1027.0,4.262,4.13,5.145
32.8,2.137,1.61,2.583,1053.0,4.27,4.124,5.309
33.0,2.014,1.49,2.719,993.0,4.222,4.093,5.22
33.2,1.994,1.32,2.673,1053.0,4.262,4.179,5.38
33.4,2.03,1.208,2.741,985.0,4.241,4.077,5.13
33.6,2.021,1.607,2.575,1039.0,4.22,4.133,5.079
33.8,1.805,1.299,2.513,997.0,4.218,4.077,5.164
34.0,1.96,1.101,2.714,995.0,4.164,4.081,4.988
34.2,2.029,1.452,2.643,961.0,4.169,4.092,5.042
34.4,2.027,1.538,2.843,962.0,4.225,4.102,5.06
34.6,2.185,1.683,2.905,1007.0,4.192,4.087,5.033
34.8,2.137,1.377,2.788,1006.0,4.208,4.087,5.071
35.0,1.98,1.574,2.292,1010.0,4.203,4.072,5.056
35.2,1.915,1.59,2.452,940.0,4.158,4.08,5.039
35.4,1.948,1.515,2.435,924.0,4.132,4.06,4.849
35.6,2.004,1.295,2.606,923.0,4.177,4.085,4.933
35.8,2.122,1.404,2.943,919.0,4.163,4.093,4.974
36.0,1.688,1.302,2.288,918.0,4.171,4.054,4.939
36.2,1.969,1.653,2.28,965.0,4.216,4.085,5.075
36.4,2.208,1.577,2.75,951.0,4.196,4.078,4.963
36.6,2.081,1.348,3.054,961.0,4.19,4.08,4.955
36.8,2.081,1.157,2.72,1033.0,4.254,4.14,5.208
37.0,2.122,1.651,2.707,966.0,4.186,4.122,5.143
37.2,1.942,1.489,2.789,1004.0,4.287,4.119,5.247
37.4,1.996,1.492,2.994,1002.0,4.27,4.126,5.2
37.6,2.067,1.462,3.24,1016.0,4.27,4.102,5.071
37.8,1.811,1.368,3.09,994.0,4.265,4.126,4.913
38.0,1.854,1.022,2.335,998.0,4.264,4.063,5.194
38.2,2.277,1.573,2.919,966.0,4.206,4.139,4.954
38.4,1.953,1.501,2.467,973.0,4.218,4.13,4.859
38.6,2.015,1.344,4.281,1042.0,4.243,4.136,5.108
38.8,2.28,1.306,6.065,965.0,4.256,4.107,4.957
39.0,2.425,1.28,2.619,1031.0,4.265,4.109,5.048
39.2,2.301,1.381,3.013,956.0,4.198,4.058,4.83
39.4,2.045,1.207,2.697,978.0,4.25,4.091,4.976
39.6,2.108,1.362,10.225,996.0,4.247,4.069,4.978
39.8,2.134,1.748,6.6,984.0,4.264,4.145,4.991
40.0,2.241,1.681,3.068,937.0,4.19,4.081,4.879
40.2,1.952,1.076,2.377,999.0,4.188,4.137,5.033
40.4,2.01,1.667,2.672,1020.0,4.288,4.118,5.019
40.6,5.097,1.568,11.15,768.0,4.238,4.198,4.96
40.8,2.232,1.945,2.519,941.0,4.186,4.139,4.233
41.0,1.368,0.989,1.747,950.0,4.263,4.22,4.306
41.2,1.74,1.695,1.784,1006.0,4.197,4.129,4.265
41.4,1.846,1.712,1.981,1002.0,4.221,4.129,4.312
41.6,2.917,2.34,3.494,618.5,4.282,4.221,4.343
