step,lost,received,latency
0.0,27,1174,13.427168994889268
0.25,25,1126,12.542883126110125
0.5,23,1066,12.470307786116322
0.75,38,1079,12.517141612604263
1.0,27,1061,12.507985391140434
1.25,24,1128,12.403348492907801
1.5,21,1105,12.387922171945702
1.75,24,1087,12.530270469181232
2.0,25,1151,12.530192267593398
2.25,23,1123,12.446769456812111
2.5,27,1134,12.5756733686067
2.75,17,1115,12.4364333632287
3.0,26,1160,12.633376896551724
3.25,27,1132,12.548566166077737
3.5,27,1246,12.64840746388443
3.75,27,1239,12.767910169491525
4.0,22,1318,12.732324582701061
4.25,22,1261,12.776376288659794
4.5,22,1313,12.637003503427266
4.75,35,1276,12.479103056426332
5.0,22,1257,12.652059188544152
5.25,33,1270,12.654108267716536
5.5,22,1216,12.612414226973684
5.75,25,1238,12.56053562197092
6.0,32,1259,12.616512231930102
6.25,26,1239,12.501603551251009
6.5,19,1219,12.592202789171452
6.75,34,1180,12.681721016949153
7.0,24,1130,12.549420884955753
7.25,19,1077,12.389792571959145
7.5,27,1109,12.432598557258792
7.75,23,1164,12.458541580756012
8.0,23,1196,12.479454765886288
8.25,21,1158,12.425429706390329
8.5,20,1157,12.449629472774417
8.75,23,1167,12.40387909168809
9.0,28,1234,12.536183630470017
9.25,18,1225,12.482798612244897
9.5,35,1156,12.519701816608997
9.75,23,1189,12.404674516400336
10.0,27,1229,12.603275589910496
10.25,24,1174,12.790548296422488
10.5,18,1172,12.464004436860069
10.75,26,1192,12.508232214765101
11.0,20,1101,12.455636875567665
11.25,26,1074,12.435348789571695
11.5,29,1131,12.529175154730327
11.75,30,1163,12.483690197764401
12.0,21,1082,12.426961182994454
12.25,15,1084,12.457683671586716
12.5,24,1083,12.3937621421976
12.75,33,1156,12.443017993079586
13.0,27,1212,12.55698102310231
13.25,19,1160,12.560832672413794
13.5,24,1167,12.4767646958012
13.75,29,1211,12.570925185796863
14.0,23,1245,12.53961108433735
14.25,25,1117,12.465899552372425
14.5,14,1102,12.421197005444647
14.75,26,1112,12.41546070143885
15.0,24,1144,12.501739423076923
15.25,31,1143,12.837703762029745
15.5,26,1158,12.392179101899828
15.75,32,1111,12.427364176417642
16.0,26,1201,12.483641465445462
16.25,25,1230,12.59202056910569
16.5,26,1140,12.428738508771929
16.75,18,1199,12.380850792326939
17.0,23,1231,12.50609683184403
17.25,26,1217,13.158654642563683
17.5,16,1208,12.876181705298013
17.75,28,1166,12.833839794168096
18.0,23,1153,13.005629141370338
18.25,28,1144,12.949284440559442
18.5,19,1159,13.030523123382226
18.75,25,1139,15.68081992976295
19.0,23,1144,12.732707954545454
19.25,21,1134,12.606634479717814
19.5,26,1225,12.70026587755102
19.75,28,1188,12.593856397306396
20.0,25,1181,13.073017696867062
20.25,34,1201,13.26597418817652
20.5,31,1202,13.031186522462562
20.75,23,1175,12.633316340425532
21.0,18,1170,12.689464615384615
21.25,30,1254,12.70414250398724
21.5,17,1201,12.731584679433805
21.75,23,1252,12.683181629392971
22.0,25,1193,12.647766638725901
22.25,29,1241,12.578797824335213
22.5,33,1231,12.525354833468725
22.75,14,1185,12.580148691983121
23.0,26,1170,12.479132051282052
23.25,20,1111,12.522930783078309
23.5,22,1134,12.391008994708995
23.75,20,1137,12.495351363236587
24.0,19,1184,12.474569256756757
24.25,24,1151,12.482249782797567
24.5,17,1170,12.53269905982906
24.75,27,1218,12.578510426929393
25.0,22,1166,12.476296483704974
25.25,24,1157,12.422147968885048
25.5,27,1072,12.484365018656716
25.75,25,1164,12.602190378006872
26.0,20,1144,12.492202447552447
26.25,21,1196,12.497722240802675
26.5,25,1206,12.46210489220564
26.75,36,1146,12.475910994764398
27.0,29,1174,12.529653236797275
27.25,27,1142,12.595542206654992
27.5,29,1174,12.624810647359455
27.75,15,1164,12.594792268041237
28.0,24,1177,12.545759473237043
28.25,17,1163,12.621776870163371
28.5,36,1265,12.689150988142293
28.75,30,1260,12.721058174603174
29.0,28,1209,12.709118114143921
29.25,24,1160,12.657674310344827
29.5,27,1184,12.65040152027027
29.75,29,1203,12.648593349958437
30.0,31,1205,12.58009244813278
30.25,24,1185,12.604007932489452
30.5,19,1219,12.620090976210008
30.75,30,1304,12.683048542944785
31.0,26,1202,12.407063227953412
31.25,26,1169,12.450802138579983
31.5,23,1118,12.465960822898031
31.75,26,1208,12.54810976821192
32.0,35,1246,12.497597191011236
32.25,23,1184,12.517513597972973
32.5,23,1267,12.580805209155486
32.75,25,1288,12.613804968944098
33.0,25,1252,12.588590255591056
33.25,18,1250,12.7675628
33.5,23,1243,12.64591898632341
33.75,25,1231,12.64695775792039
34.0,20,1210,12.59293041322314
34.25,24,1177,12.520221070518266
34.5,27,1217,12.564252095316352
34.75,21,1235,12.77189951417004
35.0,17,1252,12.674227076677315
35.25,21,1135,12.609895154185022
35.5,23,1123,12.5723089047195
35.75,26,1119,12.640179803395888
36.0,20,1134,12.750275396825396
36.25,18,1181,12.666784250635056
36.5,25,1178,12.480555772495755
36.75,18,1254,12.7319504784689
37.0,23,1193,12.722422632020118
37.25,22,1235,12.732086396761135
37.5,30,1218,12.575539655172413
37.75,30,1231,12.582528107229894
38.0,28,1274,12.55025989010989
38.25,28,1144,12.455937849650349
38.5,21,1248,12.528388782051282
38.75,24,1177,12.504120730671197
39.0,33,1246,12.525269422150883
39.25,25,1169,12.4444875962361
39.5,31,1219,12.490440032813781
39.75,21,1201,12.499815736885928
40.0,31,1160,12.438134051724138
40.25,90,282,12.48787304964539
