Metric,Median,p95,Median of the first 20 values,Median of the last 20 values,Change
Migration time (s),4.240687744140625,5.535479479980469,4.218662963867187,4.180860595703125,-0.03780236816406202
Downtime (ms),5.5206298828125,5.96221923828125,3.763427734375,5.5120849609375,1.7486572265625
CPU consumption (core-s),0.7477342824715576,0.9375913417790528,0.7331089467751464,0.7382495782690429,0.005140631493896541
Post-cleanup memory (MB),142.5,143.76640625,142.234375,142.8828125,0.6484375
Base transfer (MB),135.47001699999998,135.7012238,135.46546,135.451155,-0.01430500000000734
Event transfer (MB),5.290262,7.044875800000001,5.220207,5.271666,0.05145899999999948
Migration occupancy,0.14082679886183616,0.18481793730612528,0.14066560084763402,0.13870687403020468,-0.0019587268174293404
Availability,0.999816726344358,0.9999467851087651,0.9998152583630927,0.9998171836630008,1.925299908056566e-06
Latency SLO compliance (20 ms),0.02038315147016493,,,,
