HandoverId,StartTime,EndTime,MigrationTimeS,DowntimeMs,PostCleanupMemoryMB,BaseTransferMB,EventTransferMB,CpuCoreSeconds,MigrationOccupancy,Availability,AuthorityViolations,AuthorityViolations
1,1787220749676.8376,1787220753588.0925,3.9112548828125,1.67822265625,142.2578125,135.402553,4.995254,0.7279466371623535,0.6889848056927808,0.9997043736740843,0.5068370202206853,96
2,1787220779849.7666,1787220784564.5796,4.71481298828125,5.67138671875,142.203125,135.639393,5.935234,0.8346179252810058,0.15625970535710101,0.9998120372494432,0.0,0
3,1787220809984.986,1787220813370.4075,3.38542138671875,1.705078125,140.96875,135.399437,4.227024,0.6426154931323242,0.11234102305753886,0.9999434190905431,0.0,0
4,1787220840122.1396,1787220844184.0164,4.061876708984375,5.962158203125,142.0,135.442599,5.168232,0.7203944052512207,0.13477970639454723,0.9998021658485307,0.48642075395216866,96
5,1787220870277.2283,1787220873603.4187,3.3261904296875,1.658203125,142.28125,135.407677,3.88206,0.5896911667563476,0.11030279072519009,0.9999450108356261,0.606021533105538,94
6,1787220900405.6912,1787220905317.13,4.911438720703125,5.783935546875,142.140625,135.751665,6.257148,0.8390326671120606,0.16301657135755854,0.9998080242072795,0.0,0
7,1787220930545.1152,1787220933869.86,3.324744873046875,1.63916015625,140.546875,135.387963,3.836272,0.5754895010961915,0.11031215676434619,0.9999456140849832,0.628930817610063,94
8,1787220960689.8652,1787220964181.3281,3.491462890625,5.62646484375,141.53125,135.458487,4.359242,0.6361567754895019,0.11582324917688819,0.9998133517496828,0.1045539033457249,18
9,1787220990852.8455,1787220994590.1814,3.7373359375,1.716064453125,141.703125,135.466141,4.373482,0.6470049050712889,0.12390473055612661,0.9999431069330568,0.5593170444509862,95
10,1787221021029.5405,1787221024563.3594,3.53381884765625,5.656982421875,141.59375,135.621721,4.323656,0.6792342323957519,0.11710423688382965,0.9998125380394023,0.5298398835516739,91
11,1787221051157.3098,1787221054849.19,3.691880126953125,1.729248046875,141.609375,135.166661,4.452498,0.6664650982021485,0.12254077265961912,0.9999426028515289,0.568081991215227,97
12,1787221081298.5713,1787221087674.557,6.375985595703125,5.64990234375,144.1875,135.430469,7.937368,1.0771737109738768,0.211536786576573,0.9998125525586078,0.0,0
13,1787221111457.5889,1787221115385.476,3.92788720703125,1.796142578125,140.75,135.701163,4.803748,0.7223528104543457,0.13023922934015705,0.9999404442610416,0.5043189012286067,94
14,1787221141622.0317,1787221146658.016,5.035984375,5.777587890625,142.234375,135.644863,6.354662,0.8737899940717774,0.16695101568827342,0.9998084636299992,0.0,0
15,1787221171781.108,1787221175190.078,3.408969970703125,1.99755859375,142.109375,135.457161,4.129186,0.6148617355661621,0.11303297061473579,0.9999337659223259,0.5737449329591519,92
16,1787221201917.5273,1787221206812.252,4.894724609375,5.96337890625,142.265625,135.608355,6.13272,0.8834243612006837,0.1624189170900223,0.9998021205233293,0.0,0
17,1787221232093.0713,1787221236026.5996,3.9335283203125,1.752197265625,141.4609375,135.311575,4.816988,0.7294351578781737,0.13035484389084354,0.9999419332003161,0.5177714254894558,96
18,1787221262226.0642,1787221266118.6877,3.89262353515625,5.60693359375,142.234375,135.626695,4.761776,0.6988113260786133,0.12918144392430111,0.9998139270928497,0.5067477463060757,95
19,1787221292404.901,1787221296632.0315,4.227130615234375,1.80078125,142.859375,135.513577,5.272182,0.7657373294360351,0.14006936918968116,0.9999403296664581,0.0,0
20,1787221322538.6138,1787221326190.294,3.65168017578125,5.529296875,141.640625,135.378867,4.389454,0.6771792454824219,0.12118255022325299,0.9998165079459319,0.5389290219011581,94
21,1787221352720.949,1787221357118.589,4.39764013671875,1.80859375,142.546875,135.224513,5.700998,0.8088438607382811,0.14570244836386467,0.999940077739588,0.0,0
22,1787221382862.128,1787221386171.8687,3.30974072265625,5.682373046875,141.609375,135.377769,3.959314,0.62376529193042,0.10980793842168644,0.999811474758325,0.02589331952356292,4
23,1787221412985.041,1787221417902.0098,4.91696875,1.6904296875,142.046875,135.463953,6.38954,0.8753555652717286,0.1632301874646853,0.9999438822638874,0.0,0
24,1787221443154.061,1787221447163.922,4.009861083984375,5.88720703125,141.9609375,135.390137,4.926988,0.6800940685456542,0.13291320306023907,0.9998048591890808,0.0,0
25,1787221473313.048,1787221477712.986,4.39993798828125,1.618408203125,142.234375,135.495893,5.606716,0.7899743089890137,0.1458914379136136,0.9999463374482745,0.0,0
26,1787221503461.2832,1787221509298.7458,5.837462646484375,6.271240234375,142.546875,135.639341,7.419878,1.0103342721206054,0.19362535238579562,0.9997919864890257,0.0,0
27,1787221533641.2957,1787221538988.2837,5.346988037109375,1.614501953125,143.765625,135.464779,6.73642,0.9215309818103028,0.17716984198599142,0.9999465042648429,0.0,0
28,1787221563769.6538,1787221568623.0962,4.8534423828125,5.826904296875,142.203125,135.610509,6.220528,0.8383812250788576,0.16109216300325702,0.9998065973503424,0.0,0
29,1787221593889.8723,1787221598100.0676,4.2101953125,1.53173828125,142.5,135.355861,5.328448,0.7285927372131349,0.1397797068331685,0.9999491458443122,0.0,0
30,1787221624057.134,1787221628356.4023,4.299268310546875,5.87451171875,142.6953125,135.402777,5.152952,0.7526311567631836,0.14251437040023857,0.9998052686460734,0.0,0
31,1787221654209.4092,1787221659123.6816,4.9142724609375,1.488525390625,142.328125,135.490135,6.327282,0.805028249482422,0.16298181271772066,0.9999506330655517,0.0,0
32,1787221684333.292,1787221687930.166,3.5968740234375,5.80810546875,141.875,135.522551,4.144884,0.6139614047075196,0.11940273588984239,0.9998071926681928,0.5856244606090495,95
33,1787221714481.0132,1787221719346.2192,4.8652060546875,1.62109375,142.53125,135.520579,6.165498,0.8319153027426759,0.16137889904840802,0.9999462283155762,0.0,0
34,1787221744617.2708,1787221748730.5913,4.113320556640625,5.84130859375,141.78125,135.431525,4.819562,0.7027944513322755,0.13649075527411467,0.9998061700733577,0.520918118183298,96
35,1787221774769.32,1787221779028.6538,4.259333740234375,1.640625,142.875,135.307867,5.283924,0.7367240652070312,0.14126183250558688,0.999945588275517,0.0,0
36,1787221804914.1646,1787221808914.2605,4.000095947265625,5.768798828125,142.3203125,135.583101,4.803898,0.7111262278483886,0.13269585615537574,0.9998086306654695,0.5214909150793214,95
37,1787221835053.0164,1787221839206.3557,4.15333935546875,1.646240234375,142.171875,135.557601,5.127454,0.7294938283432616,0.13780682098027458,0.9999453781369995,0.4707192387508225,93
38,1787221865197.5886,1787221869200.3164,4.002727783203125,5.76953125,142.375,135.436107,4.894228,0.7056406541218261,0.1327843615736949,0.9998086046403591,0.4968479538412223,93
39,1787221895349.2144,1787221899255.7056,3.9064912109375,1.644287109375,142.296875,135.534613,4.891008,0.7243552179626465,0.1295615448933114,0.9999454660546676,0.5025125628140703,94
40,1787221925501.632,1787221931317.7847,5.816152587890625,5.708984375,143.40625,135.597801,7.185224,0.9374584555778809,0.19289174888100863,0.9998106624673636,0.0,0
41,1787221955649.516,1787221960706.6516,5.057135498046875,1.76025390625,142.96875,135.513007,6.291674,0.9094876778242187,0.16774429318081627,0.9999416126881637,0.0,0
42,1787221985793.9585,1787221990382.0537,4.58809521484375,5.6669921875,141.796875,135.680161,5.587192,0.8316739818386228,0.15220368506334522,0.9998120054066506,0.0,0
43,1787222015933.2231,1787222019516.5786,3.58335546875,1.73876953125,142.28125,135.644707,4.415944,0.6233529999658204,0.11889326135021581,0.9999423088269892,0.5394744474737514,93
44,1787222046077.6401,1787222051367.535,5.289894775390625,5.794189453125,142.9140625,135.736843,6.524862,0.7926514844384766,0.17548505836956813,0.9998077856521616,0.0,0
45,1787222076237.1555,1787222081505.6047,5.26844921875,1.7568359375,142.84375,135.266541,6.539284,0.9243549171887206,0.17468613643883688,0.9999417485355678,0.0,0
46,1787222106374.1943,1787222111209.9922,4.8357978515625,5.605224609375,142.8125,135.334897,6.187788,0.856479303984619,0.1604602854550046,0.9998140087802535,0.0,0
47,1787222136537.079,1787222140150.68,3.613600830078125,1.733642578125,141.59375,135.323915,4.32682,0.6211035202670899,0.1198028921357134,0.9999425239796659,0.5484137280339663,93
48,1787222166658.1475,1787222171075.574,4.417426513671875,5.754150390625,142.515625,135.467689,5.743606,0.8069505415495606,0.14665570493607602,0.9998089659263751,0.0,0
49,1787222196829.2341,1787222201309.836,4.480601806640625,1.766357421875,141.796875,135.290273,5.497218,0.7797437341870118,0.1485064775975544,0.9999414552932349,0.0,0
50,1787222226965.594,1787222232049.9973,5.0844033203125,5.755859375,142.109375,135.507817,6.530122,0.8915445795471191,0.16871325347118116,0.9998090061506727,0.0,0
51,1787222257129.2961,1787222261459.9143,4.3306181640625,1.64306640625,141.78125,135.526605,5.392402,0.7547487846257324,0.1435705120926885,0.9999455283572897,0.0,0
52,1787222287257.382,1787222291721.3582,4.46397607421875,5.816162109375,142.1875,135.414911,5.619804,0.796809105534668,0.14816660054273487,0.9998069521535009,0.0,0
53,1787222317417.657,1787222321257.1223,3.83946533203125,1.7275390625,141.515625,135.388783,4.993722,0.6969004534262695,0.12730206685658843,0.9999427213754486,0.0,0
54,1787222347553.7405,1787222353204.5354,5.650794921875,5.707763671875,142.453125,135.420001,7.246268,0.94716767455542,0.1875092668431005,0.9998106003498227,0.0,0
55,1787222377709.5066,1787222381208.468,3.49896142578125,1.57470703125,141.578125,135.463973,4.14755,0.6355447814074706,0.11602959820809301,0.9999477808978444,0.5374479889042996,93
56,1787222407853.6946,1787222412865.0598,5.011365234375,5.731689453125,143.125,135.657803,6.405744,0.8848404917709961,0.16624648294799652,0.9998098575600924,0.0,0
57,1787222438029.6086,1787222442577.433,4.547824462890625,1.63232421875,141.96875,135.524665,5.31527,0.7494871980146485,0.15071041273086955,0.9999459063869492,0.0,0
58,1787222468158.382,1787222472344.0164,4.18563427734375,33.872314453125,141.8203125,135.384695,5.267254,0.7570289402509766,0.13892481504521087,0.9988757486419622,0.0,0
59,1787222498305.1182,1787222502282.8774,3.97775927734375,1.684326171875,142.75,135.407381,4.676264,0.6818943865959473,0.13194659834027464,0.9999441290703185,0.5289814293753518,94
60,1787222528461.563,1787222532203.2922,3.741729248046875,5.71533203125,142.171875,135.421667,4.643792,0.6710744962038574,0.12407726672879818,0.9998104772606796,0.511175159062483,94
61,1787222558605.7603,1787222562735.0735,4.129313232421875,1.571044921875,141.984375,135.315023,4.929948,0.6962162663603516,0.13698534401281756,0.9999478823433899,0.5030234922673517,94
62,1787222588757.6182,1787222593989.2444,5.231626220703125,5.724609375,142.078125,135.454085,6.412652,0.9202230664201659,0.17350924895878214,0.9998101407418389,0.0,0
63,1787222618897.28,1787222622328.744,3.4314638671875,1.749755859375,141.78125,135.418857,4.19892,0.622892807965088,0.11385210234045921,0.9999419450733323,0.3761755485893417,60
64,1787222649045.4507,1787222653943.836,4.89838525390625,5.705810546875,142.375,135.576419,6.097354,0.8114812223081056,0.1624770308644948,0.9998107410690916,0.0,0
65,1787222679205.4636,1787222683189.45,3.983986328125,1.74853515625,142.515625,135.427403,4.850786,0.7160747570107422,0.132094980732367,0.9999420247212838,0.4935937828187356,94
66,1787222709342.1853,1787222713064.2195,3.7220341796875,5.80517578125,142.109375,135.559409,4.630846,0.6727702577783203,0.12350494586795731,0.9998073720213183,0.5173932188463232,94
67,1787222739496.9683,1787222743266.4607,3.769492431640625,1.758544921875,142.1640625,135.439069,4.560158,0.6669348259396972,0.1250047939913139,0.9999416827199762,0.5336778832649851,95
68,1787222769646.1978,1787222773369.4395,3.72324169921875,5.6123046875,141.96875,135.560051,4.568794,0.6725298591701661,0.12349375960614666,0.999813849150309,0.5280008987249339,94
69,1787222799793.019,1787222803262.9956,3.4699765625,1.885986328125,142.046875,135.469581,4.257748,0.6254971156071777,0.11510256850061118,0.9999374399605835,0.5742913000977518,94
70,1787222829934.322,1787222835467.8914,5.5335693359375,5.7470703125,143.1171875,135.897593,6.84209,0.9412355957131349,0.18358759539631597,0.9998093290686008,0.0,0
71,1787222860098.2378,1787222865397.1213,5.298883544921875,1.626953125,143.328125,135.590657,6.71071,0.8911473586586912,0.17566961746827325,0.9999460629336945,0.0,0
72,1787222890225.3496,1787222893771.8508,3.546501220703125,5.73388671875,141.671875,135.416935,4.264282,0.657977763746582,0.1177179293626087,0.9998096768534039,0.5613616004777545,94
73,1787222920392.9766,1787222924974.9277,4.581951171875,1.703857421875,142.671875,135.485063,6.012536,0.8233096272805176,0.15188304930296698,0.9999435203364015,0.0,0
74,1787222950525.2954,1787222955835.9744,5.310678955078125,34.471923828125,143.09375,135.566703,6.460208,0.8841980973557129,0.17624527942665122,0.9988559817117824,0.0,0
75,1787222980677.2354,1787222985859.4402,5.182204833984375,31.2099609375,143.171875,135.773081,6.668094,0.904389720473633,0.17186969873430583,0.9989649103507718,0.0,0
76,1787223010833.5525,1787223015058.947,4.22539453125,5.758056640625,142.5,135.482761,5.228948,0.7304499189138184,0.14011639789500144,0.9998090596867599,0.0,0
77,1787223040965.931,1787223045133.7515,4.167820556640625,1.642822265625,142.109375,135.591425,5.285026,0.7098170151865235,0.1383170123124181,0.9999454798342554,0.0,0
78,1787223071125.7634,1787223076094.7798,4.969016357421875,5.746826171875,142.640625,135.638997,6.353872,0.8507724342834473,0.1647560991661337,0.9998094543075412,0.0,0
79,1787223101277.5667,1787223105373.11,4.09554345703125,1.65869140625,141.1953125,135.403181,5.12801,0.7195337590939941,0.1358307968113109,0.9999449886497997,0.0,0
80,1787223131425.604,1787223136580.02,5.154416015625,5.680908203125,142.65625,135.528967,6.50892,0.8861313784838867,0.17097020131640286,0.9998115662344281,0.0,0
81,1787223161589.7112,1787223166973.026,5.383314697265625,1.635009765625,143.390625,135.516105,6.802708,0.9279553966835937,0.17846756297296665,0.9999457961823305,0.0,0
82,1787223191733.7512,1787223196817.7063,5.083955078125,5.6865234375,142.765625,135.676301,5.9992,0.860039177571045,0.1686553982656903,0.9998113549666823,0.0,0
83,1787223221889.5012,1787223225747.0356,3.857534423828125,1.7109375,142.109375,135.264321,4.881402,0.7239851025441895,0.12792036092049194,0.9999432633079927,0.4932502596053998,95
84,1787223252037.674,1787223256350.2944,4.312620361328125,5.746826171875,142.3125,135.382289,5.064784,0.7301267472382813,0.14304748690946334,0.9998093806148661,0.48508618020435545,94
85,1787223282189.63,1787223286502.6384,4.313008544921875,1.676025390625,142.203125,135.470453,5.423956,0.7469811486975099,0.1430424139655055,0.9999444140406295,0.0,0
86,1787223312341.635,1787223316252.0483,3.910413330078125,5.721923828125,142.109375,135.437457,4.627278,0.6762840836115722,0.12968999287488758,0.9998102307357659,0.5461096723341966,97
87,1787223342509.2375,1787223347055.4683,4.546230712890625,1.65625,142.234375,135.580855,5.58252,0.7949893942314453,0.15069910534003958,0.9999450983883172,0.0,0
88,1787223372654.049,1787223376497.516,3.843467041015625,5.794921875,142.28125,135.363927,4.66608,0.696913860055664,0.12750011848730058,0.9998077638710564,0.5196982397317687,93
89,1787223402785.6377,1787223407605.5742,4.8199365234375,1.594482421875,142.40625,135.437355,5.951064,0.8075613380791016,0.15996290749007688,0.9999470826964412,0.0,0
90,1787223432933.731,1787223437434.3271,4.50059619140625,5.6806640625,142.78125,135.433685,5.51945,0.7808024601940918,0.14928294643167328,0.9998115746819148,0.0,0
91,1787223463109.0894,1787223468183.4983,5.074408935546875,1.663818359375,142.921875,135.586353,6.356092,0.920695687213867,0.1681639988676864,0.9999448616868968,0.0,0
92,1787223493242.0269,1787223496983.1536,3.741126708984375,5.6240234375,142.796875,135.458117,4.533678,0.6963489265456543,0.1241540659281683,0.9998133596023454,0.5258099168881099,93
93,1787223523388.9536,1787223527933.7295,4.54477587890625,1.6142578125,142.625,135.572021,5.617394,0.7854628915786133,0.15075420176049895,0.9999464536526238,0.0,0
94,1787223553537.4402,1787223557606.7563,4.069316162109375,5.649658203125,141.875,135.444077,4.991834,0.7092378405617676,0.13497580226308425,0.9998126055784067,0.5014102162331557,96
95,1787223583672.9934,1787223588748.2952,5.0753017578125,1.704833984375,142.0,135.610471,5.028702,0.8288477662514648,0.1684157486777721,0.999943427818571,0.0,0
96,1787223613825.557,1787223618034.1606,4.208603759765625,5.711181640625,142.546875,135.538183,5.295498,0.7601770286413574,0.13957698034652877,0.9998105905109838,0.0,0
97,1787223644005.4966,1787223647626.3354,3.6208388671875,1.7744140625,141.5625,135.556123,4.288844,0.6206631335756836,0.11997501994729157,0.9999412055133211,0.5530329491209687,95
98,1787223674138.1523,1787223679209.567,5.07141455078125,5.7333984375,143.71875,135.538831,6.552604,0.8732125029428711,0.16830293986977732,0.9998097280743244,0.0,0
99,1787223704293.8813,1787223709063.699,4.769817626953125,1.7060546875,142.59375,135.460631,5.810522,0.7824433820817872,0.1581728508813454,0.9999434251883853,0.0,0
100,1787223734461.6702,1787223740366.5818,5.90491162109375,5.6806640625,143.546875,135.590401,7.732968,1.0189530702133789,0.19573564561351497,0.9998116976986049,0.0,0
101,1787223764593.3699,1787223768712.8813,4.119511474609375,1.925048828125,142.15625,135.455831,5.063098,0.69668930916333,0.13671686345819,0.9999361121726672,0.0,0
102,1787223794742.191,1787223798937.2239,4.195032958984375,5.634521484375,141.65625,135.369689,5.33657,0.7590852516621094,0.1391441792278961,0.9998131097240592,0.0,0
103,1787223824904.8352,1787223829823.1318,4.918296630859375,1.724609375,143.28125,135.688903,6.2214,0.8344560898962403,0.16305919945358735,0.9999428230045554,0.0,0
104,1787223855069.9453,1787223859692.773,4.62282763671875,5.686279296875,142.8125,135.468983,5.81701,0.7890983208552246,0.15325081261948856,0.9998114948270825,0.0,0
105,1787223885177.129,1787223889663.7559,4.486626953125,1.79296875,142.125,135.410103,5.731876,0.7705473395422362,0.1490218086708179,0.9999404471446351,0.0,0
106,1787223915350.0383,1787223919733.6067,4.383568359375,5.58740234375,142.390625,135.528445,5.5517,0.7983129437048341,0.14528159342543256,0.9998148205641934,0.0,0
107,1787223945488.8843,1787223950297.1028,4.808218505859375,1.776611328125,141.890625,135.474979,5.741704,0.8362463864321289,0.1595355878679756,0.9999410524433738,0.0,0
108,1787223975653.5173,1787223980891.9404,5.238423095703125,12.896484375,143.84375,135.588645,6.738602,0.9410951365463867,0.17366109131401838,0.9995724634093581,0.0,0
109,1787224005796.867,1787224009664.3054,3.8674384765625,1.79638671875,141.578125,135.425901,4.47294,0.6874156603525391,0.12830154998300763,0.9999404052057244,0.5564798347771213,97
110,1787224035917.8245,1787224040258.8677,4.341043212890625,5.60595703125,142.9296875,135.447781,5.478842,0.8072096830036621,0.14412035905816653,0.9998138851652503,0.0,0
111,1787224066084.7485,1787224069969.3328,3.884584228515625,1.864990234375,141.9609375,135.551027,4.405634,0.645124199751465,0.12876964914321412,0.9999381776468191,0.5353684929946463,94
112,1787224096214.2627,1787224100629.736,4.415473388671875,5.72412109375,143.515625,135.614985,5.47558,0.7367724378593751,0.1465497706070205,0.9998100161501668,0.0,0
113,1787224126405.0503,1787224129942.8765,3.537826171875,1.699951171875,141.9375,135.404469,4.27048,0.6200489724123536,0.11718230802795108,0.9999436930498624,0.5641748942172073,92
114,1787224156541.4382,1787224160602.683,4.061244873046875,5.69189453125,142.609375,135.463313,4.96297,0.6854310474748535,0.13476216463652854,0.9998111288405669,0.48281590696708543,93
115,1787224186685.7207,1787224190747.3171,4.061596435546875,1.650146484375,141.515625,135.225819,4.994936,0.7032789118259277,0.13473853423097043,0.9999452583923343,0.24620220010476687,47
116,1787224216821.3533,1787224221755.594,4.93424072265625,5.760498046875,143.671875,135.489647,6.175086,0.8318174351032716,0.16373443336433927,0.9998088476147362,0.0,0
117,1787224246977.1802,1787224251834.1199,4.856939697265625,1.963134765625,142.59375,135.329233,5.911506,0.7899160038791506,0.16106139993042487,0.9999349003172138,0.0,0
118,1787224277133.5974,1787224281326.8396,4.1932421875,5.697509765625,142.734375,135.329151,5.20566,0.7315475154450682,0.13904974701200856,0.999811068081431,0.0,0
119,1787224307301.2793,1787224311369.0867,4.067807373046875,1.6669921875,142.390625,135.396665,4.988756,0.6716282634648437,0.13483990545196903,0.9999447424500872,0.2135861637841217,41
120,1787224337421.7495,1787224341305.917,3.88416748046875,5.66650390625,142.0234375,135.541917,4.746242,0.6903053451164552,0.12895441049770143,0.9998118719971557,0.3354632587859425,63
121,1787224367581.2285,1787224372171.0242,4.589795654296875,1.686767578125,143.0703125,135.461187,5.729696,0.7973040368591309,0.15218418241583037,0.9999440717269052,0.0,0
122,1787224397713.8872,1787224402819.226,5.1053388671875,5.647216796875,142.828125,135.561387,6.283662,0.8727583640246582,0.1694287556724468,0.9998125881670545,0.0,0
123,1787224427857.338,1787224433273.908,5.416570068359375,1.791259765625,142.765625,135.259581,6.993096,0.9387020850075685,0.17969309901561684,0.9999405754906953,0.0,0
124,1787224458001.9175,1787224465389.2883,7.387370849609375,5.70458984375,143.90625,135.594141,9.121558,1.189251597341797,0.2450646501004218,0.9998107590179937,0.0,0
125,1787224488157.1345,1787224492779.3862,4.622251708984375,1.599853515625,142.140625,135.467965,6.0039,0.8251991962114258,0.15328199106301965,0.9999469460454073,0.0,0
126,1787224518294.1772,1787224522325.9412,4.031763916015625,5.634033203125,141.9140625,135.563029,4.93448,0.7102515780952149,0.13378100674501012,0.9998130528846307,0.0,0
127,1787224548469.1511,1787224552506.87,4.037718994140625,1.59912109375,142.09375,135.485341,5.13252,0.7488475687006837,0.13381019021277535,0.999947005054577,0.45201668984700977,91
128,1787224578589.546,1787224582768.446,4.178900146484375,5.92529296875,142.734375,135.182201,5.229268,0.7563219958991698,0.13873988630118078,0.9998032797042358,0.08002400720216064,16
129,1787224608741.1624,1787224612962.4128,4.22125048828125,1.62548828125,142.234375,135.510577,5.297486,0.7740581249169921,0.14000080209863205,0.999946089514515,0.0,0
130,1787224638877.5151,1787224645050.8967,6.173381591796875,5.716796875,143.125,135.540019,7.8897,1.1020104029169924,0.204848331721073,0.999810302297822,0.0,0
131,1787224669017.3464,1787224672716.538,3.699191650390625,1.61669921875,142.953125,135.512773,4.650326,0.6999846201828615,0.1227343183747168,0.999946360044198,0.510713889197291,92
132,1787224699169.5105,1787224702622.1868,3.45267626953125,5.646728515625,142.515625,135.337463,4.058974,0.6031267786340332,0.11450840683854314,0.9998127255972765,0.557995963433456,94
133,1787224729317.4343,1787224733302.7048,3.9852705078125,1.6484375,142.34375,135.563923,5.125774,0.7301241588713379,0.132190545874162,0.999945321690827,0.0,0
134,1787224759470.2942,1787224763446.2134,3.975919189453125,5.654052734375,142.953125,135.217749,4.605502,0.7083757491552736,0.13185877583355915,0.999812487015825,0.5156353958749168,93
135,1787224789609.4622,1787224794374.8323,4.7653701171875,1.814697265625,141.890625,135.277477,6.021616,0.8191539072617187,0.15811219878825142,0.9999397894040238,0.0,0
136,1787224819738.0059,1787224823469.4517,3.73144580078125,5.6220703125,141.859375,135.739591,4.35256,0.6336196464968261,0.12385085179660085,0.9998133972100257,0.5552570302704639,93
137,1787224849901.4717,1787224854331.3406,4.429868896484375,1.758056640625,141.75,135.465689,5.495616,0.7701360569787596,0.1468620656151933,0.9999417156950365,0.0,0
138,1787224880053.8682,1787224889124.1113,9.0702431640625,33.658203125,145.9375,135.519387,10.890794,1.3883430440612792,0.3008133422748904,0.9988837304145147,0.0,0
139,1787224910180.9575,1787224914181.144,4.0001865234375,1.7646484375,143.015625,135.437291,4.879388,0.687170526498291,0.13277706572445158,0.9999414265209401,0.49902820822608607,95
140,1787224940321.3013,1787224944932.9478,4.611646484375,5.645263671875,142.671875,135.422143,5.687882,0.7990961628300781,0.15300576936435903,0.9998127007535581,0.0,0
141,1787224970473.3813,1787224974937.6765,4.464295166015625,1.727294921875,142.25,135.678549,5.557868,0.7576737957814941,0.14805927665515925,0.999942713905064,0.0,0
142,1787225000626.4368,1787225004502.2627,3.875825927734375,5.8095703125,142.5625,135.445599,4.717566,0.6700170742399902,0.12853841422563264,0.9998073306259816,0.48862587545469355,90
143,1787225030765.3433,1787225034368.0154,3.602672119140625,1.78271484375,141.453125,135.517157,4.436118,0.6444274213935546,0.11953559495733626,0.9999408500489526,0.5253643656084058,93
144,1787225060906.0784,1787225065538.6145,4.6325361328125,5.95556640625,142.109375,135.339547,5.649576,0.7997064083750001,0.15369685298988547,0.9998024080572346,0.0,0
145,1787225091057.178,1787225096547.9727,5.490794677734375,1.670654296875,143.90625,135.662323,6.772392,0.8848000449855958,0.18210926794945484,0.9999445906013871,0.0,0
146,1787225121189.8892,1787225124897.6777,3.70778857421875,5.639892578125,142.078125,135.437747,4.582264,0.6639840797182618,0.12304862154182282,0.9998128315588953,0.538060715903942,95
147,1787225151337.022,1787225156248.8962,4.911874267578125,1.65087890625,142.234375,135.489663,6.087514,0.8594057449118652,0.16293006363581944,0.9999452392731171,0.0,0
148,1787225181461.9424,1787225186260.914,4.7989716796875,5.708251953125,143.296875,135.569369,6.130004,0.8941387824306641,0.15930238534570818,0.999810513957368,0.0,0
149,1787225211626.224,1787225215822.0388,4.195814697265625,1.65234375,142.734375,135.479901,5.038714,0.7273652213642579,0.13909877694653508,0.9999452218433598,0.0,0
150,1787225241767.2522,1787225246211.177,4.4439248046875,5.690673828125,142.5,135.436681,5.781624,0.8488859838652344,0.14743773150195447,0.9998111984165323,0.0,0
151,1787225271901.4941,1787225276196.0168,4.294522705078125,1.64453125,143.1640625,135.540579,5.270666,0.7426733294506835,0.14251304921325558,0.9999454264934525,0.0,0
152,1787225302058.256,1787225307377.1978,5.318941650390625,5.712158203125,142.3125,135.626991,6.846036,0.9666664663361816,0.1763764178971152,0.9998105844980919,0.0,0
153,1787225332181.0742,1787225337418.814,5.23773974609375,1.576416015625,143.625,135.762861,6.544502,0.9247255842041017,0.17387947323045466,0.9999476670472996,0.0,0
154,1787225362333.9558,1787225366974.6182,4.640662353515625,5.766845703125,142.5,135.357977,5.857716,0.8431454956635741,0.15390443992517525,0.999808746448144,0.0,0
155,1787225392485.495,1787225397651.2793,5.1657841796875,1.604736328125,143.171875,135.416945,6.621548,0.9117519787548828,0.17132737825261807,0.9999467776317552,0.0,0
156,1787225422625.7107,1787225427172.967,4.54725634765625,5.70947265625,142.921875,135.443035,5.7122,0.7899753115791016,0.15087006714216075,0.99981056961448,0.0,0
157,1787225452784.9238,1787225456674.1697,3.889245849609375,1.5771484375,142.375,135.458767,4.712738,0.6722357700839844,0.12895713930699668,0.999947705915587,0.4959446195174872,96
158,1787225482909.511,1787225487523.5889,4.614077880859375,5.8076171875,142.484375,135.802057,5.933284,0.8127362687141113,0.15316651002146367,0.9998072133849669,0.0,0
159,1787225513053.0483,1787225517043.636,3.990587646484375,1.52685546875,141.640625,135.499969,4.627302,0.6525522495715332,0.13238617617049364,0.9999493471701465,0.526027397260274,96
160,1787225543210.0159,1787225548542.7117,5.33269580078125,5.894287109375,143.546875,135.241433,6.853586,0.9305407006555176,0.17683130094564864,0.9998045464251786,0.0,0
161,1787225573345.9534,1787225576753.7944,3.407841064453125,1.735595703125,142.203125,135.446263,4.000454,0.5888058603859863,0.11308229798568985,0.9999424077746669,0.6012678909875171,92
162,1787225603485.4736,1787225607891.2854,4.405811767578125,5.81396484375,142.65625,135.471843,5.494682,0.7602308437751465,0.14618055393829843,0.9998070982950994,0.0,0
163,1787225633629.2288,1787225638095.9275,4.46669873046875,1.8876953125,142.984375,135.537637,5.344262,0.7495471537060546,0.14817990365357098,0.9999373769026271,0.0,0
164,1787225663773.914,1787225668272.9556,4.49904150390625,5.827392578125,142.203125,135.446613,5.49498,0.7678413804724122,0.14924824919297297,0.9998066859043443,0.0,0
165,1787225693913.3423,1787225697417.5798,3.504237548828125,1.59814453125,141.734375,135.686575,4.309318,0.6087342719345703,0.1162675523550224,0.9999469749552167,0.5714285714285714,93
166,1787225724069.6482,1787225728850.1465,4.780498291015625,5.849609375,142.140625,135.504295,5.958682,0.837427947682373,0.15852400176492548,0.9998060236756847,0.0,0
167,1787225754209.5415,1787225758006.1045,3.79656298828125,1.599609375,141.71875,135.333987,4.616888,0.6753316955861816,0.12596471225572375,0.9999469271719539,0.5196528276853336,94
168,1787225784357.7017,1787225788272.587,3.91488525390625,5.75732421875,142.21875,135.590255,4.879406,0.7027920839321289,0.1298548645627603,0.9998090323194214,0.4829649850385847,92
169,1787225814500.9883,1787225818412.589,3.911600830078125,1.611328125,141.96875,135.344061,4.727778,0.743732259392578,0.12976689898641824,0.9999465443783468,0.5131806395851339,95
170,1787225844642.142,1787225848908.616,4.266473876953125,5.83251953125,143.359375,135.528015,5.268426,0.7558589709782715,0.1415497861842529,0.9998064931565563,0.0,0
171,1787225874765.4727,1787225878773.32,4.007847412109375,1.533935546875,142.8125,135.350605,4.938352,0.7462108832148436,0.13304795109804207,0.9999490781557672,0.48016040523427606,91
172,1787225904938.234,1787225910303.1663,5.364932373046875,5.83740234375,143.265625,135.439455,6.624786,0.9052648832846679,0.1778071397598611,0.9998065340358092,0.0,0
173,1787225935074.5312,1787225939404.3633,4.32983203125,1.6455078125,142.4375,135.431705,5.543806,0.7522596627558593,0.14367498366025436,0.9999453978107309,0.0,0
174,1787225965221.476,1787225969019.2375,3.797761474609375,5.848388671875,142.09375,135.535363,4.548884,0.6827406399526367,0.12597500332963815,0.9998060039348605,0.5101192126420848,92
175,1787225995337.5496,1787225999392.993,4.055443359375,1.633544921875,141.859375,135.508913,5.280076,0.7760803047172852,0.13466042846575138,0.999945758369775,0.0,0
176,1787226025502.2976,1787226029998.8096,4.496511962890625,5.76513671875,142.828125,135.302687,5.425388,0.7762677762248535,0.14906512581849507,0.9998088783400481,0.0,0
177,1787226055641.0757,1787226060060.8916,4.41981591796875,1.63134765625,143.375,135.483475,5.685904,0.7913949864821777,0.1466488092781411,0.9999458721368156,0.0,0
178,1787226085781.3064,1787226089838.0774,4.05677099609375,5.861328125,143.078125,135.592749,5.020264,0.72876621866333,0.13459654754264094,0.9998055314114602,0.495458298926507,96
179,1787226115937.1648,1787226120465.586,4.528421142578125,1.478759765625,142.578125,135.289815,5.758706,0.7794443768818359,0.15016721072057962,0.9999509627699504,0.0,0
180,1787226146061.9294,1787226150051.5967,3.989667236328125,12.96240234375,142.765625,135.363393,5.137076,0.7183563686606446,0.13243812135591437,0.9995697094236246,0.0,0
181,1787226176221.1306,1787226180355.0825,4.133951904296875,1.79541015625,142.578125,135.286017,5.165382,0.7113196796589357,0.13707100134177283,0.9999404689087745,0.0,0
182,1787226206398.0723,1787226210683.905,4.285832763671875,35.562255859375,141.921875,135.457595,5.312384,0.7501048994692382,0.14202343011841947,0.998821542080991,0.0,0
183,1787226236525.2637,1787226240523.9177,3.998654052734375,1.60546875,142.234375,135.447709,5.119458,0.6972875437243652,0.13272574926797986,0.9999467103080287,0.4770453962554501,93
184,1787226266649.6243,1787226269818.4373,3.16881298828125,12.91015625,141.234375,135.575915,3.667632,0.5617775480415039,0.10519104557303842,0.9995714379991906,0.0,0
185,1787226296809.7756,1787226301794.1985,4.9844228515625,1.67578125,142.9375,135.818965,6.374624,0.8370756505644531,0.1652651802333215,0.9999444372400657,0.0,0
186,1787226326953.4612,1787226330591.3547,3.6378935546875,5.751953125,143.34375,135.404729,4.248044,0.6340739467155763,0.12068509502696298,0.9998091821547151,0.5836456349450144,95
187,1787226357089.342,1787226361370.942,4.281599853515625,1.728759765625,142.9140625,135.548389,5.376414,0.761967368221924,0.1420764793136504,0.9999426345035776,0.0,0
188,1787226387242.1472,1787226390889.8748,3.6477275390625,13.001953125,141.546875,135.358547,4.319218,0.6625593956735839,0.12097473246012802,0.9995687978929588,0.5528181708929215,92
189,1787226417397.3037,1787226420750.984,3.35368017578125,1.6513671875,142.25,135.651007,4.08266,0.6040665789812011,0.11121415259220742,0.9999452376515499,0.5124089393752315,83
190,1787226447517.6687,1787226451053.9543,3.53628564453125,5.7431640625,143.125,135.493407,4.32848,0.6722407331186523,0.11740513920325284,0.9998093262128676,0.5841903486886144,96
191,1787226477676.908,1787226482156.9841,4.480076171875,1.710693359375,143.359375,135.638079,5.55829,0.7642677962148438,0.1485473865430632,0.9999432779671679,0.0,0
192,1787226507809.9775,1787226511750.1143,3.94013671875,5.824951171875,142.359375,135.527315,4.814296,0.7113673475881347,0.13075789402334712,0.9998066924062816,0.5031513161379164,95
193,1787226537949.658,1787226542333.5256,4.38386767578125,1.67431640625,142.078125,135.356805,5.507994,0.7981308841188963,0.1454516973870625,0.9999444481035326,0.0,0
194,1787226568110.0178,1787226572935.5854,4.825567626953125,6.0419921875,143.90625,135.702379,5.897772,0.8439404292597656,0.1599970175696748,0.9997996710843342,0.0,0
195,1787226598243.8992,1787226602434.2244,4.1903251953125,1.720947265625,142.546875,135.635635,5.198924,0.7320671933081054,0.13905693551283643,0.9999428899567975,0.4695299757821381,95
196,1787226628385.5415,1787226633280.4417,4.894900146484375,5.76708984375,142.734375,135.528961,6.006404,0.8435980273452149,0.1623965971145981,0.9998086670334733,0.0,0
197,1787226658520.7163,1787226663279.949,4.759232666015625,1.761962890625,142.171875,135.542079,5.854544,0.8034722267875977,0.1579294859532499,0.9999415313532427,0.0,0
198,1787226688666.05,1787226693069.7788,4.403728759765625,5.995849609375,143.046875,135.550813,5.57993,0.7593430547456055,0.14608326441873346,0.9998011018998482,0.0,0
199,1787226718829.0535,1787226722603.5342,3.774480712890625,1.727294921875,141.3125,135.331361,4.544202,0.6465527239260254,0.12513610334447284,0.9999427346508589,0.5298382598996095,95
200,1787226748965.437,1787226753192.5679,4.227130859375,5.6357421875,142.171875,135.629709,5.535164,0.7979853601733399,0.14026669301822353,0.9998129920871528,0.0,0
201,1787226779105.0608,1787226783661.295,4.556234130859375,1.690673828125,143.734375,135.910155,5.53971,0.7484874162456053,0.15117090260393645,0.9999439052776337,0.0,0
202,1787226809257.714,1787226814185.974,4.928260009765625,5.63916015625,142.8125,135.636921,6.395086,0.7863056748591309,0.16344365974737207,0.9998129796374354,0.0,0
203,1787226839420.9583,1787226842990.0286,3.5690703125,1.78173828125,142.3125,135.342989,4.369512,0.6682445197124023,0.11832514751598092,0.9999409301508504,0.5521940903483523,94
204,1787226869546.0588,1787226874223.8538,4.677794921875,5.646728515625,143.1640625,135.730251,5.954104,0.793619593414795,0.1552789810122198,0.9998125573556338,0.0,0
205,1787226899697.1167,1787226903818.282,4.121165283203125,1.74072265625,141.8984375,135.714191,5.258496,0.7348019620449219,0.1366839366684029,0.9999422666141846,0.0,0
206,1787226929854.048,1787226934075.4575,4.221409423828125,6.0546875,142.140625,135.607391,5.307472,0.7366421203327638,0.13998139825062728,0.9997992273344924,0.0,0
207,1787226959988.8196,1787226964240.7217,4.251902099609375,1.77197265625,142.4375,135.489295,5.378458,0.7350056515322267,0.1410962117902239,0.9999411984040706,0.0,0
208,1787226990133.477,1787226994546.9644,4.4134873046875,5.7109375,143.046875,135.566049,5.606624,0.791107232967041,0.14641026553301736,0.9998105489337356,0.0,0
209,1787227020273.1182,1787227024150.792,3.877673828125,1.700927734375,142.71875,135.322407,4.526872,0.6780173386396486,0.12865693435268793,0.9999435650966121,0.520071509832602,96
210,1787227050413.653,1787227055830.2104,5.416557373046875,5.6875,143.5078125,135.650185,6.965862,0.9368656290419922,0.1797100611797934,0.9998113006283205,0.0,0
211,1787227080560.976,1787227084217.5212,3.656545166015625,1.66455078125,142.421875,135.260805,4.231756,0.6385049136115722,0.12128921583692583,0.9999447861164535,0.5852231163130944,96
212,1787227110713.4229,1787227116285.195,5.571772216796875,5.675537109375,144.109375,135.331207,7.089136,0.9093536256105957,0.1847867358142043,0.9998117719218184,0.0,0
213,1787227140837.4143,1787227143835.4885,2.99807421875,1.660888671875,141.90625,135.418743,3.507212,0.5477543737092285,0.09952446783889266,0.9999448649202297,0.0,0
214,1787227171021.9924,1787227175627.812,4.605819580078125,5.825439453125,142.5625,135.373225,5.705602,0.8058619532673339,0.15258850267857188,0.9998070060999693,0.0,0
215,1787227201141.383,1787227204475.579,3.334196044921875,1.591796875,142.640625,135.566771,4.04306,0.6437763507592773,0.11069931946612466,0.999947150428944,0.0,0
216,1787227231277.7827,1787227235666.5825,4.3887998046875,5.75439453125,142.1875,135.516753,5.400616,0.7300923415737306,0.14563119199585173,0.999809055010004,0.0,0
217,1787227261429.2593,1787227266061.6853,4.632426025390625,1.707763671875,143.1875,135.580919,5.730446,0.7817522725805666,0.15363844672045238,0.9999433605293481,0.0,0
218,1787227291565.2615,1787227295184.5447,3.619283203125,5.68603515625,142.0234375,135.386421,4.58983,0.6823380008913573,0.12009831892875937,0.9998113208540724,0.5368667542406762,94
219,1787227321717.5479,1787227325093.8857,3.376337890625,1.809814453125,142.265625,135.407795,4.114674,0.623586804936035,0.11197618145487305,0.9999399775383366,0.23837902264600713,38
220,1787227351873.4778,1787227356771.7659,4.8982880859375,5.80078125,143.78125,135.397441,6.130404,0.8464667849326172,0.16243200249639955,0.9998076404454066,0.0,0
221,1787227382016.9053,1787227387454.4812,5.437575927734375,1.748779296875,143.3984375,135.775727,6.69129,0.9026785100029296,0.18039010094309935,0.9999419847229569,0.0,0
222,1787227412181.735,1787227416289.6882,4.107953125,5.70166015625,142.53125,135.450679,5.051104,0.7386248068469239,0.13618353385742915,0.999810983181817,0.0,0
223,1787227442313.5168,1787227446178.417,3.864900146484375,1.63720703125,142.265625,135.520147,4.853214,0.6729419993442383,0.12826656518536275,0.999945665110498,0.5159958720330238,95
224,1787227472485.7048,1787227476021.823,3.5361181640625,5.79541015625,142.0625,135.299821,4.245992,0.6202251790388184,0.11719793623968912,0.9998079221116314,0.5575326215895611,94
225,1787227502593.102,1787227508079.9417,5.486839599609375,1.665283203125,143.6875,135.609515,7.083224,0.9304630657807618,0.18224224299762035,0.9999446885696849,0.0,0
226,1787227532757.763,1787227537472.6018,4.7148388671875,5.7099609375,142.671875,135.682175,5.799782,0.7908845671987303,0.15630339371586055,0.9998107069408613,0.0,0
227,1787227562904.8403,1787227567253.1206,4.3482802734375,1.7880859375,142.328125,135.453811,5.657692,0.7739477251381837,0.14423554949668183,0.9999406879176308,0.0,0
228,1787227593038.3337,1787227596721.2341,3.682900390625,5.7880859375,142.296875,135.497407,4.53413,0.692824268295166,0.12221949644983472,0.999807918522453,0.5384659448931661,94
229,1787227623165.5662,1787227627890.851,4.725284912109375,1.68994140625,143.234375,135.288607,6.052804,0.8388966944260254,0.15684430769944888,0.9999439065167823,0.0,0
230,1787227653313.5034,1787227657322.8206,4.009317138671875,5.736328125,142.21875,135.446947,5.04446,0.7395735185300294,0.13298810809660444,0.9998097273429914,0.020764119601328904,4
231,1787227683472.98,1787227687566.0295,4.093049560546875,1.62890625,142.265625,135.196273,5.138702,0.7387457807834473,0.13571354768259253,0.9999459902347236,0.0,0
232,1787227713609.6663,1787227717862.2861,4.252619873046875,5.708740234375,142.609375,135.484341,5.474164,0.7814013358640136,0.1411110642236839,0.9998105717336847,0.0,0
233,1787227743753.0718,1787227747777.5818,4.024510009765625,1.69189453125,141.984375,135.488083,5.10796,0.7365663380039063,0.13351212116423714,0.9999438718186549,0.48099063603336234,94
234,1787227773889.8384,1787227777543.0786,3.653240234375,5.689697265625,141.6875,135.619335,4.271858,0.6688600633081055,0.12122203694491865,0.9998112041234931,0.542311603208677,96
235,1787227804069.3545,1787227808314.614,4.245259521484375,1.677734375,142.78125,135.462917,5.449554,0.7896401362861328,0.14066691810264453,0.9999444081751111,0.0,0
236,1787227834193.7686,1787227837969.1194,3.775350830078125,5.655029296875,142.375,135.519119,4.348306,0.6918161976994629,0.12532528673405213,0.9998122775339251,0.5577081131853939,95
237,1787227864361.247,1787227868211.9143,3.850667236328125,1.67626953125,142.5,135.339409,4.861044,0.6699965782756349,0.12764299258002962,0.9999444345495968,0.29377819746091705,56
238,1787227894485.5388,1787227898542.3506,4.056811767578125,5.726318359375,143.25,135.475971,4.738646,0.6957554164565429,0.13466911692093642,0.9998099102741645,0.5157184396774017,94
239,1787227924624.82,1787227927920.1367,3.295316650390625,1.72802734375,142.1015625,135.499485,4.01268,0.5986755272326661,0.10933627192554982,0.9999426652769382,0.0,0
240,1787227954758.3552,1787227959071.3735,4.313018310546875,5.57861328125,143.4609375,135.445919,5.186214,0.7569737134318848,0.1431301799866091,0.9998148702682137,0.0,0
241,1787227984912.7944,1787227988629.896,3.7171015625,1.927001953125,141.828125,135.558389,4.524184,0.6506890287670899,0.12326880087998808,0.9999360955798325,0.5155223204169499,91
242,1787228015069.945,1787228018817.141,3.747196044921875,5.600830078125,142.9375,135.439019,4.585192,0.6635426369255372,0.12425563974210647,0.9998142785389125,0.5242762708000912,92
243,1787228045205.3643,1787228048984.0222,3.778657958984375,1.716552734375,142.984375,135.437267,4.73271,0.6996676590263673,0.12538926156059046,0.9999430386973022,0.5053279138745468,92
244,1787228075341.4663,1787228079339.7554,3.9982890625,5.683349609375,143.734375,135.393835,4.850052,0.6864750973818359,0.13267439351521404,0.9998114105931882,0.49463270890338873,94
245,1787228105484.894,1787228111073.81,5.588916015625,1.669189453125,143.375,135.572113,7.077742,0.9225373644531248,0.18541076565262368,0.9999446250948023,0.0,0
246,1787228135649.4275,1787228140141.5322,4.492104736328125,5.663818359375,143.1640625,135.432615,5.475716,0.7685350572873535,0.14892008007288865,0.9998122358375183,0.0,0
247,1787228165801.0913,1787228170867.647,5.0665556640625,1.801025390625,143.890625,135.545765,6.281208,0.8467230829592285,0.16803569098490245,0.9999402677941266,0.0,0
248,1787228195945.7822,1787228199767.0476,3.821265380859375,5.635498046875,142.078125,135.615959,4.751318,0.6755181701760253,0.12676412543946775,0.9998130517223676,0.3242470872719279,59
249,1787228226081.7222,1787228230038.27,3.9565478515625,1.8955078125,143.1875,135.188161,4.841668,0.7180989925524902,0.13129000984390313,0.9999371014205568,0.47785919082510353,90
250,1787228256257.975,1787228260617.0837,4.359108642578125,5.619873046875,142.171875,135.594367,5.576492,0.7877092490961913,0.1444549345717347,0.9998137650469735,0.0,0
251,1787228286393.3027,1787228290399.6135,4.006310791015625,1.7666015625,142.8125,135.337549,4.853482,0.6891076201188964,0.13294399315354008,0.9999413777217292,0.502620040637365,94
252,1787228316513.8945,1787228320386.3162,3.872421630859375,5.60888671875,142.140625,135.493539,5.02078,0.7135955647360839,0.12856392918751142,0.9998137856401835,0.0,0
253,1787228346664.7166,1787228354958.983,8.294266357421876,1.759033203125,145.265625,135.465829,10.2974,1.2673996951293947,0.27509254479070866,0.9999416588641639,0.0,0
254,1787228376822.0408,1787228381123.6926,4.30165185546875,5.707763671875,142.703125,135.442105,5.498412,0.7764678804724122,0.14264036902830535,0.9998107337497693,0.0,0
255,1787228406957.0083,1787228410795.1404,3.838132080078125,1.911865234375,143.6328125,135.159799,4.801938,0.7077664186452636,0.1273647325601641,0.9999365565855508,0.5017452006980803,92
256,1787228437130.828,1787228440712.0444,3.581216552734375,5.760986328125,142.390625,135.371379,4.480654,0.6674167230600586,0.11868621880071249,0.9998090733487408,0.5231478877200877,93
257,1787228467285.1897,1787228472146.618,4.86142822265625,1.759033203125,143.390625,135.414893,6.26057,0.8063973333664551,0.16121807691553486,0.9999416657127803,0.0,0
258,1787228497425.7688,1787228501322.3237,3.896554931640625,5.55615234375,142.515625,135.618017,4.867984,0.7031322457214355,0.12927936515455424,0.9998156587395011,0.0,0
259,1787228527557.5906,1787228531749.9875,4.19239697265625,1.71337890625,143.3125,135.391217,5.12453,0.7421498404182127,0.1391351974545572,0.9999431372281798,0.4649379283899727,97
260,1787228557698.3108,1787228562241.413,4.543102294921875,5.6416015625,142.71875,135.413389,5.82826,0.797652071427002,0.15072971921501999,0.9998128245933645,0.0,0
261,1787228587845.8687,1787228591154.3494,3.308480712890625,1.8623046875,141.78125,135.394091,3.813274,0.5990482597763671,0.10974290946248051,0.9999382270134096,0.6351116459419709,95
262,1787228617993.992,1787228623858.3784,5.864386474609375,5.54345703125,144.328125,135.599011,7.551588,1.012634858135254,0.1945191220694327,0.999816125966524,0.0,0
263,1787228648149.5095,1787228652648.822,4.4993125,1.79248046875,142.84375,135.514397,5.28403,0.789486554704834,0.14920362379267632,0.9999405587894784,0.0,0
264,1787228678289.8237,1787228683882.0056,5.592181884765625,5.578125,143.828125,135.670459,7.043146,0.9459863349550783,0.18553827428576308,0.9998149281072081,0.0,0
265,1787228708469.6147,1787228713178.6956,4.709080810546875,1.899658203125,143.375,135.453341,5.643194,0.7937652972854004,0.15603424185770007,0.9999370552896758,0.0,0
266,1787228738574.125,1787228742630.3203,4.0561953125,5.604736328125,142.90625,135.454385,4.93586,0.7220832451687011,0.13473713002767362,0.9998138240323177,0.19060375025757265,37
267,1787228768748.8423,1787228772683.9111,3.93506884765625,1.691162109375,143.359375,135.560353,4.841684,0.6736161422783203,0.1304094686445336,0.9999439543345712,0.5175137549708558,95
268,1787228798893.9858,1787228803468.4744,4.574488525390625,5.62939453125,143.2265625,135.515845,5.70313,0.7945497355830077,0.15174877230529235,0.9998132570003843,0.0,0
269,1787228829028.7505,1787228832672.534,3.643783447265625,1.779541015625,142.53125,135.583233,4.434604,0.6365350249807129,0.12091627360542724,0.9999409472402926,0.552422603291518,96
270,1787228859174.1553,1787228863773.067,4.59891162109375,5.6123046875,143.390625,135.425821,5.772834,0.7671836610756836,0.15255763370469907,0.9998138255323656,0.0,0
271,1787228889329.1182,1787228893476.3564,4.14723828125,1.742919921875,143.015625,135.502263,5.032846,0.7138202516862793,0.13753087000280648,0.9999422012247803,0.0,0
272,1787228919474.1636,1787228924558.4028,5.0842392578125,5.50732421875,143.0,135.555381,6.33291,0.8915021257233886,0.16865920049666122,0.9998173058244293,0.0,0
273,1787228949625.7102,1787228954043.827,4.41811669921875,1.754150390625,142.828125,135.509147,5.440202,0.757996343455078,0.14653035060884456,0.9999418222085885,0.0,0
274,1787228979785.5999,1787228985850.5645,6.064964599609375,5.59619140625,143.875,135.484147,7.525316,0.9375328816091308,0.20109372647932033,0.9998144492081542,0.0,0
275,1787229009913.262,1787229016620.8362,6.70757421875,1.804931640625,144.234375,135.653607,8.519538,1.1046091354577636,0.22263839107060235,0.9999400905508674,0.0,0
276,1787229040066.0146,1787229043696.407,3.630392333984375,5.741943359375,141.796875,135.384781,4.361782,0.6712797908449708,0.12040003020104137,0.9998095715034957,0.5550362234166861,95
277,1787229070212.973,1787229074821.611,4.60863818359375,1.8642578125,143.078125,135.480237,6.00711,0.8207910760764161,0.1528724107114578,0.9999381609979714,0.0,0
278,1787229100349.7522,1787229105682.2627,5.332510498046875,5.52880859375,142.7734375,135.755331,6.532732,0.8817207751232911,0.17694360918652724,0.9998165428183521,0.0,0
279,1787229130516.9026,1787229135576.72,5.0598173828125,1.9189453125,143.5,135.529825,6.518636,0.9126957174316406,0.1677260635258719,0.9999363895731731,0.0,0
280,1787229160650.1694,1787229164799.4155,4.14924609375,5.660400390625,142.984375,135.724897,5.080336,0.7331565571550294,0.13769652374553823,0.999812154439822,0.0,0
281,1787229190808.906,1787229195520.4363,4.7115302734375,1.898681640625,143.421875,135.442585,6.002458,0.8255112286450194,0.15622439163351046,0.9999370437274097,0.0,0
282,1787229220966.3618,1787229225218.1614,4.251799560546875,5.56787109375,142.75,135.610749,5.491088,0.7423301303496093,0.1409866796210278,0.9998153733150195,0.0,0
283,1787229251084.7715,1787229255136.9426,4.052171142578125,1.826416015625,142.40625,135.614627,5.096366,0.7102289684833986,0.13454133824627706,0.999939358816227,0.0,0
284,1787229281257.9658,1787229285376.562,4.11859619140625,5.5244140625,142.109375,135.358711,5.117356,0.7343493161198731,0.13649851406355193,0.999816909870364,0.0,0
285,1787229311408.9915,1787229315571.4648,4.162473388671875,1.8251953125,143.296875,135.474983,5.336526,0.7433338693027344,0.13805412257261115,0.9999394649013068,0.0,0
286,1787229341542.0215,1787229345551.324,4.009302490234375,5.69091796875,143.375,135.442501,4.668754,0.6911117283637696,0.13305341302671275,0.9998111402018577,0.5044000858553338,94
287,1787229371677.0034,1787229375182.109,3.50510546875,1.8662109375,141.71875,135.314725,4.436472,0.6452754828564454,0.11631350821692689,0.9999380716092144,0.0,0
288,1787229401833.8362,1787229405832.3638,3.998527587890625,5.516845703125,142.46875,135.374967,4.663102,0.689310830201416,0.13259109864837698,0.9998170615015722,0.5192629815745394,93
289,1787229431992.918,1787229436229.034,4.236115966796875,1.885498046875,142.546875,135.395961,5.326734,0.7238438343408202,0.14045904967197906,0.9999374815831534,0.0,0
290,1787229462113.4993,1787229466894.0417,4.78054248046875,5.52783203125,144.09375,135.523423,5.661542,0.771071285065918,0.15871348673655056,0.9998164765820284,0.0,0
291,1787229492289.1943,1787229496291.9846,4.002790283203125,9.150390625,142.390625,135.448969,4.865178,0.6776863509055177,0.13264948078694755,0.999696762888004,0.47841913676547065,92
292,1787229522421.5952,1787229527436.686,5.0150908203125,5.598388671875,143.625,135.583593,6.103308,0.8239394288576659,0.1664351553155939,0.999814207016083,0.0,0
293,1787229552585.0503,1787229556701.4976,4.116447265625,1.736083984375,142.40625,135.423393,5.122744,0.7182737385520019,0.13647134437892397,0.9999424441271771,0.0,0
294,1787229582725.5256,1787229586625.779,3.90025341796875,5.648193359375,142.484375,135.324995,4.77127,0.6739868842014158,0.1294025184984435,0.9998126043701925,0.5024588411374813,94
295,1787229612877.1594,1787229617046.4836,4.16932421875,2.150390625,142.734375,135.331265,5.259302,0.7307518343549804,0.13827855060585215,0.9999286807925553,0.0,0
296,1787229643029.9082,1787229646306.8372,3.276928955078125,5.66796875,142.78125,135.226055,3.99012,0.575048657095459,0.10867761937936787,0.9998120248077054,0.0,0
297,1787229673177.0593,1787229677632.1636,4.455104248046875,2.019775390625,142.859375,135.314639,5.515022,0.7441090875502929,0.14777861529479777,0.9999330027775301,0.0,0
298,1787229703350.0774,1787229707309.4675,3.95939013671875,5.589111328125,142.90625,135.431633,4.850476,0.6710204446972656,0.13122287362850912,0.9998147645914697,0.0,0
299,1787229733472.8171,1787229737539.0593,4.0662421875,1.7275390625,143.3046875,135.358447,5.015134,0.7290597782658692,0.13498912189842566,0.9999426500020562,0.4940813175501801,96
300,1787229763626.1594,1787229768086.0935,4.45993408203125,5.625732421875,141.125,135.352379,5.660238,0.8064228476354981,0.1479084487501993,0.9998134292255674,0.0,0
