timestamp,sat1,sat2,sat3,lost
0,11.3080,NaN,NaN,0
0,14.1051,NaN,NaN,0
0,9.9146,NaN,NaN,0
1,9.9082,NaN,NaN,0
1,9.1646,NaN,NaN,0
1,10.7565,NaN,NaN,0
2,10.3133,NaN,NaN,0
2,12.7337,NaN,NaN,0
2,12.8174,NaN,NaN,0
3,11.8651,NaN,NaN,0
3,9.0020,NaN,NaN,0
3,13.0382,NaN,NaN,0
4,9.8572,NaN,NaN,0
4,11.0400,NaN,NaN,0
4,9.5737,NaN,NaN,0
5,9.9216,NaN,NaN,0
5,8.7740,NaN,NaN,0
5,12.6119,NaN,NaN,0
6,6.8791,NaN,NaN,0
6,20.1156,NaN,NaN,0
6,10.5898,NaN,NaN,0
7,10.4270,NaN,NaN,0
7,9.0077,NaN,NaN,0
7,19.8190,NaN,NaN,0
8,11.6146,NaN,NaN,0
8,8.4777,NaN,NaN,0
8,9.6607,NaN,NaN,0
9,9.1984,NaN,NaN,0
9,10.1075,NaN,NaN,0
9,9.0482,NaN,NaN,0
10,12.6235,NaN,NaN,0
10,9.9337,NaN,NaN,0
10,7.6654,NaN,NaN,0
11,9.9249,NaN,NaN,0
11,8.8780,NaN,NaN,0
11,8.4169,NaN,NaN,0
12,12.7687,NaN,NaN,0
12,NaN,NaN,NaN,1
12,8.1532,NaN,NaN,0
13,10.6943,NaN,NaN,0
13,9.4960,NaN,NaN,0
13,8.7612,NaN,NaN,0
14,9.1398,NaN,NaN,0
14,13.7706,NaN,NaN,0
14,8.1744,NaN,NaN,0
15,9.8202,NaN,NaN,0
15,9.8464,NaN,NaN,0
15,8.1420,NaN,NaN,0
16,8.3489,NaN,NaN,0
16,7.0288,NaN,NaN,0
16,8.7609,NaN,NaN,0
17,9.9268,NaN,NaN,0
17,7.5254,NaN,NaN,0
17,8.3716,NaN,NaN,0
18,8.5592,NaN,NaN,0
18,9.4492,NaN,NaN,0
18,9.3629,NaN,NaN,0
19,8.4925,NaN,NaN,0
19,8.8682,NaN,NaN,0
19,9.8319,NaN,NaN,0
20,11.0202,NaN,NaN,0
20,6.9637,NaN,NaN,0
20,8.0698,NaN,NaN,0
21,6.4263,NaN,NaN,0
21,7.5419,NaN,NaN,0
21,9.6626,NaN,NaN,0
22,7.9732,NaN,NaN,0
22,13.7420,NaN,NaN,0
22,7.7219,NaN,NaN,0
23,14.5888,NaN,NaN,0
23,11.8048,NaN,NaN,0
23,8.9817,NaN,NaN,0
24,8.4231,NaN,NaN,0
24,10.5693,NaN,NaN,0
24,7.5097,NaN,NaN,0
25,7.5974,NaN,NaN,0
25,7.3531,NaN,NaN,0
25,8.2662,NaN,NaN,0
26,7.1821,NaN,NaN,0
26,7.6871,NaN,NaN,0
26,7.0055,NaN,NaN,0
27,8.2450,NaN,NaN,0
27,7.2002,NaN,NaN,0
27,6.7563,NaN,NaN,0
28,8.2181,NaN,NaN,0
28,6.7608,NaN,NaN,0
28,7.5078,NaN,NaN,0
29,9.3012,NaN,NaN,0
29,6.9332,NaN,NaN,0
29,8.5583,NaN,NaN,0
30,6.8638,NaN,NaN,0
30,7.2970,NaN,NaN,0
30,8.2073,NaN,NaN,0
31,6.1989,NaN,NaN,0
31,6.4368,NaN,NaN,0
31,6.6273,NaN,NaN,0
32,7.8392,NaN,NaN,0
32,7.3247,NaN,NaN,0
32,8.8081,NaN,NaN,0
33,6.6779,NaN,NaN,0
33,6.1293,NaN,NaN,0
33,5.9395,NaN,NaN,0
34,6.5627,NaN,NaN,0
34,7.8518,NaN,NaN,0
34,7.2598,NaN,NaN,0
35,6.9530,NaN,NaN,0
35,6.4414,NaN,NaN,0
35,7.1809,NaN,NaN,0
36,5.9807,NaN,NaN,0
36,6.6895,NaN,NaN,0
36,7.2091,NaN,NaN,0
37,6.2511,NaN,NaN,0
37,6.6404,NaN,NaN,0
37,7.3118,NaN,NaN,0
38,6.9263,NaN,NaN,0
38,7.3082,NaN,NaN,0
38,6.2060,NaN,NaN,0
39,6.0151,NaN,NaN,0
39,6.0067,NaN,NaN,0
39,7.6811,NaN,NaN,0
40,6.2425,NaN,NaN,0
40,6.6345,NaN,NaN,0
40,7.0720,NaN,NaN,0
41,6.5055,NaN,NaN,0
41,11.2233,NaN,NaN,0
41,8.6293,NaN,NaN,0
42,6.5670,NaN,NaN,0
42,7.3791,NaN,NaN,0
42,5.7914,NaN,NaN,0
43,5.6078,NaN,NaN,0
43,5.3091,NaN,NaN,0
43,7.1552,NaN,NaN,0
44,8.9879,NaN,NaN,0
44,5.3020,NaN,NaN,0
44,7.2262,NaN,NaN,0
45,8.7264,NaN,NaN,0
45,6.4068,NaN,NaN,0
45,6.7902,NaN,NaN,0
46,5.9576,NaN,NaN,0
46,6.2232,NaN,NaN,0
46,5.3978,NaN,NaN,0
47,7.1750,NaN,NaN,0
47,5.4672,NaN,NaN,0
47,11.4079,NaN,NaN,0
48,6.6910,NaN,NaN,0
48,6.0763,NaN,NaN,0
48,5.2335,NaN,NaN,0
49,5.0230,NaN,NaN,0
49,5.9009,NaN,NaN,0
49,5.2807,NaN,NaN,0
50,5.1501,NaN,NaN,0
50,5.3804,NaN,NaN,0
50,9.3825,NaN,NaN,0
51,5.2745,NaN,NaN,0
51,6.5026,NaN,NaN,0
51,7.4511,NaN,NaN,0
52,6.2020,NaN,NaN,0
52,6.0744,NaN,NaN,0
52,5.8534,NaN,NaN,0
53,6.5951,NaN,NaN,0
53,10.7467,NaN,NaN,0
53,6.3384,NaN,NaN,0
54,5.8808,NaN,NaN,0
54,4.9009,NaN,NaN,0
54,8.0714,NaN,NaN,0
55,5.6379,NaN,NaN,0
55,6.2943,NaN,NaN,0
55,4.5843,NaN,NaN,0
56,7.5336,NaN,NaN,0
56,6.2392,NaN,NaN,0
56,5.2764,NaN,NaN,0
57,5.8253,NaN,NaN,0
57,5.1172,NaN,NaN,0
57,5.7065,NaN,NaN,0
58,5.0199,NaN,NaN,0
58,5.2490,NaN,NaN,0
58,5.7731,NaN,NaN,0
59,7.5750,NaN,NaN,0
59,5.4946,NaN,NaN,0
59,5.7251,NaN,NaN,0
60,5.9109,NaN,NaN,0
60,9.4247,NaN,NaN,0
60,8.4171,NaN,NaN,0
61,5.6844,NaN,NaN,0
61,5.6434,NaN,NaN,0
61,5.6722,NaN,NaN,0
62,6.0296,NaN,NaN,0
62,6.4640,NaN,NaN,0
62,4.4854,NaN,NaN,0
63,5.5099,NaN,NaN,0
63,4.8749,NaN,NaN,0
63,5.7998,NaN,NaN,0
64,5.2395,NaN,NaN,0
64,4.8695,NaN,NaN,0
64,5.3897,NaN,NaN,0
65,8.9493,NaN,NaN,0
65,5.0969,NaN,NaN,0
65,4.9486,NaN,NaN,0
66,6.3379,NaN,NaN,0
66,4.6144,NaN,NaN,0
66,5.1000,NaN,NaN,0
67,5.0318,NaN,NaN,0
67,4.4479,NaN,NaN,0
67,4.5950,NaN,NaN,0
68,6.1243,NaN,NaN,0
68,4.5373,NaN,NaN,0
68,5.0075,NaN,NaN,0
69,4.8313,NaN,NaN,0
69,4.5450,NaN,NaN,0
69,4.7030,NaN,NaN,0
70,5.7528,NaN,NaN,0
70,5.0170,NaN,NaN,0
70,6.9461,NaN,NaN,0
71,5.3420,NaN,NaN,0
71,5.0981,NaN,NaN,0
71,4.3936,NaN,NaN,0
72,5.0616,NaN,NaN,0
72,4.4274,NaN,NaN,0
72,5.1861,NaN,NaN,0
73,5.0185,NaN,NaN,0
73,4.7820,NaN,NaN,0
73,5.5342,NaN,NaN,0
74,4.5364,NaN,NaN,0
74,4.3547,NaN,NaN,0
74,8.1272,NaN,NaN,0
75,4.8387,NaN,NaN,0
75,4.5941,NaN,NaN,0
75,5.4543,NaN,NaN,0
76,4.5528,NaN,NaN,0
76,NaN,NaN,NaN,1
76,4.5071,NaN,NaN,0
77,4.9250,NaN,NaN,0
77,6.5525,NaN,NaN,0
77,5.1293,NaN,NaN,0
78,5.1446,NaN,NaN,0
78,4.4436,NaN,NaN,0
78,4.3998,NaN,NaN,0
79,4.9388,NaN,NaN,0
79,7.3130,NaN,NaN,0
79,4.8046,NaN,NaN,0
80,6.7828,NaN,NaN,0
80,5.0473,NaN,NaN,0
80,5.0340,NaN,NaN,0
81,4.7972,NaN,NaN,0
81,4.3464,NaN,NaN,0
81,5.2388,NaN,NaN,0
82,4.1621,NaN,NaN,0
82,4.6997,NaN,NaN,0
82,8.9405,NaN,NaN,0
83,3.9620,NaN,NaN,0
83,5.7218,NaN,NaN,0
83,5.4429,NaN,NaN,0
84,4.3018,NaN,NaN,0
84,4.8275,NaN,NaN,0
84,4.9543,NaN,NaN,0
85,4.7305,NaN,NaN,0
85,4.7476,NaN,NaN,0
85,4.6170,NaN,NaN,0
86,4.7317,NaN,NaN,0
86,4.4012,NaN,NaN,0
86,6.2144,NaN,NaN,0
87,6.2261,NaN,NaN,0
87,4.5776,NaN,NaN,0
87,4.6492,NaN,NaN,0
88,8.7295,NaN,NaN,0
88,5.5659,NaN,NaN,0
88,5.7797,NaN,NaN,0
89,5.8110,NaN,NaN,0
89,5.2099,NaN,NaN,0
89,5.4564,NaN,NaN,0
90,4.5207,NaN,NaN,0
90,6.0799,NaN,NaN,0
90,4.3719,NaN,NaN,0
91,4.9269,NaN,NaN,0
91,4.2417,NaN,NaN,0
91,4.5054,NaN,NaN,0
92,5.0058,NaN,NaN,0
92,9.0964,NaN,NaN,0
92,4.7703,NaN,NaN,0
93,4.6828,NaN,NaN,0
93,4.7607,NaN,NaN,0
93,5.0025,NaN,NaN,0
94,7.7538,NaN,NaN,0
94,4.9243,NaN,NaN,0
94,9.0382,NaN,NaN,0
95,6.0527,NaN,NaN,0
95,5.9829,NaN,NaN,0
95,8.6594,NaN,NaN,0
96,4.5836,NaN,NaN,0
96,5.4927,NaN,NaN,0
96,5.7924,NaN,NaN,0
97,5.2991,NaN,NaN,0
97,6.3622,NaN,NaN,0
97,4.4851,NaN,NaN,0
98,5.0523,NaN,NaN,0
98,4.9856,NaN,NaN,0
98,4.6713,NaN,NaN,0
99,6.9444,NaN,NaN,0
99,6.1228,NaN,NaN,0
99,4.5643,NaN,NaN,0
100,4.6222,NaN,NaN,0
100,4.5326,NaN,NaN,0
100,5.0044,NaN,NaN,0
101,4.5221,NaN,NaN,0
101,4.8018,NaN,NaN,0
101,6.4075,NaN,NaN,0
102,4.5540,NaN,NaN,0
102,9.6164,NaN,NaN,0
102,6.2575,NaN,NaN,0
103,6.2990,NaN,NaN,0
103,5.7123,NaN,NaN,0
103,5.0411,NaN,NaN,0
104,4.8232,NaN,NaN,0
104,5.0800,NaN,NaN,0
104,5.2295,NaN,NaN,0
105,4.8411,NaN,NaN,0
105,4.7996,NaN,NaN,0
105,6.7935,NaN,NaN,0
106,5.9366,NaN,NaN,0
106,5.4724,NaN,NaN,0
106,5.5823,NaN,NaN,0
107,6.9742,NaN,NaN,0
107,6.8350,NaN,NaN,0
107,5.1019,NaN,NaN,0
108,5.1870,NaN,NaN,0
108,4.8261,NaN,NaN,0
108,5.3802,NaN,NaN,0
109,7.0035,NaN,NaN,0
109,6.9463,NaN,NaN,0
109,4.9393,NaN,NaN,0
110,6.2919,NaN,NaN,0
110,5.5246,NaN,NaN,0
110,9.4414,NaN,NaN,0
111,5.7192,NaN,NaN,0
111,5.6283,NaN,NaN,0
111,5.6701,NaN,NaN,0
112,5.0018,NaN,NaN,0
112,5.2004,NaN,NaN,0
112,7.1747,NaN,NaN,0
113,5.8532,NaN,NaN,0
113,5.0359,NaN,NaN,0
113,8.4429,NaN,NaN,0
114,5.5652,NaN,NaN,0
114,5.7874,NaN,NaN,0
114,5.6076,NaN,NaN,0
115,6.0833,NaN,NaN,0
115,5.6489,NaN,NaN,0
115,5.4524,NaN,NaN,0
116,5.6355,NaN,NaN,0
116,5.4004,NaN,NaN,0
116,10.6804,NaN,NaN,0
117,6.1932,NaN,NaN,0
117,6.5258,NaN,NaN,0
117,6.4127,NaN,NaN,0
118,6.9122,NaN,NaN,0
118,5.5904,NaN,NaN,0
118,6.0484,NaN,NaN,0
119,6.0325,NaN,NaN,0
119,5.8231,NaN,NaN,0
119,6.5982,NaN,NaN,0
120,5.6789,NaN,NaN,0
120,5.8277,NaN,NaN,0
120,6.1889,NaN,NaN,0
121,7.0572,NaN,NaN,0
121,10.5751,NaN,NaN,0
121,7.2150,NaN,NaN,0
122,6.9263,NaN,NaN,0
122,5.4319,NaN,NaN,0
122,6.4933,NaN,NaN,0
123,5.9750,NaN,NaN,0
123,6.5448,NaN,NaN,0
123,7.0498,NaN,NaN,0
124,7.1146,NaN,NaN,0
124,6.8555,NaN,NaN,0
124,6.0475,NaN,NaN,0
125,7.4956,NaN,NaN,0
125,6.4704,NaN,NaN,0
125,6.2597,NaN,NaN,0
126,6.5873,NaN,NaN,0
126,7.2432,NaN,NaN,0
126,7.4906,NaN,NaN,0
127,7.2775,NaN,NaN,0
127,6.4340,NaN,NaN,0
127,6.3124,NaN,NaN,0
128,6.6032,NaN,NaN,0
128,9.1789,NaN,NaN,0
128,6.0239,NaN,NaN,0
129,7.1180,NaN,NaN,0
129,6.9716,NaN,NaN,0
129,6.4368,NaN,NaN,0
130,6.7153,NaN,NaN,0
130,6.9153,NaN,NaN,0
130,7.7662,NaN,NaN,0
131,7.8073,NaN,NaN,0
131,8.1720,NaN,NaN,0
131,8.3287,NaN,NaN,0
132,7.1342,NaN,NaN,0
132,6.5527,NaN,NaN,0
132,5.8777,NaN,NaN,0
133,8.0271,NaN,NaN,0
133,6.6733,NaN,NaN,0
133,8.0292,NaN,NaN,0
134,10.1917,NaN,NaN,0
134,7.2076,NaN,NaN,0
134,6.8946,NaN,NaN,0
135,8.9445,NaN,NaN,0
135,7.0350,NaN,NaN,0
135,6.8297,NaN,NaN,0
136,7.5111,NaN,NaN,0
136,7.6962,NaN,NaN,0
136,6.5494,NaN,NaN,0
137,7.5066,NaN,NaN,0
137,8.6231,NaN,NaN,0
137,NaN,NaN,NaN,1
138,7.3225,NaN,NaN,0
138,8.4791,NaN,NaN,0
138,7.3619,NaN,NaN,0
139,9.2163,NaN,NaN,0
139,8.6002,NaN,NaN,0
139,7.0281,NaN,NaN,0
140,7.9818,NaN,NaN,0
140,6.5093,NaN,NaN,0
140,8.1165,NaN,NaN,0
141,9.0568,NaN,NaN,0
141,8.1336,NaN,NaN,0
141,8.9743,NaN,NaN,0
142,9.0754,NaN,NaN,0
142,9.8145,NaN,NaN,0
142,7.9534,NaN,NaN,0
143,16.8695,NaN,NaN,0
143,11.8971,NaN,NaN,0
143,9.0859,NaN,NaN,0
144,8.7914,NaN,NaN,0
144,9.3653,NaN,NaN,0
144,7.2873,NaN,NaN,0
145,8.6129,NaN,NaN,0
145,11.0559,NaN,NaN,0
145,9.4686,NaN,NaN,0
146,10.4313,NaN,NaN,0
146,12.6491,NaN,NaN,0
146,9.0411,NaN,NaN,0
147,14.0126,NaN,NaN,0
147,19.2106,NaN,NaN,0
147,16.9065,NaN,NaN,0
147,15.2197,NaN,NaN,0
147,17.9856,NaN,NaN,0
147,12.7163,NaN,NaN,0
148,NaN,21.8027,NaN,0
148,NaN,27.8261,NaN,0
148,NaN,NaN,NaN,1
148,NaN,NaN,NaN,1
148,NaN,19.3853,NaN,0
148,NaN,24.2152,NaN,0
149,NaN,21.1010,NaN,0
149,NaN,18.5943,NaN,0
149,NaN,22.5883,NaN,0
149,NaN,18.4951,NaN,0
149,NaN,22.1796,NaN,0
149,NaN,17.0884,NaN,0
150,NaN,20.9961,NaN,0
150,NaN,23.6878,NaN,0
150,NaN,20.3371,NaN,0
150,NaN,17.0119,NaN,0
150,NaN,18.6050,NaN,0
150,NaN,19.9397,NaN,0
151,NaN,25.8787,NaN,0
151,NaN,29.3081,NaN,0
151,NaN,30.3636,NaN,0
151,NaN,20.8733,NaN,0
151,NaN,NaN,NaN,1
151,NaN,16.9802,NaN,0
152,NaN,NaN,NaN,1
152,NaN,NaN,NaN,1
152,NaN,NaN,NaN,1
152,NaN,NaN,NaN,1
152,NaN,18.0314,NaN,0
152,NaN,20.7133,NaN,0
153,NaN,14.5900,NaN,0
153,NaN,15.6829,NaN,0
153,NaN,16.7677,NaN,0
154,NaN,14.3721,NaN,0
154,NaN,13.9034,NaN,0
154,NaN,15.4097,NaN,0
155,NaN,14.6062,NaN,0
155,NaN,16.1419,NaN,0
155,NaN,16.4955,NaN,0
156,NaN,14.2150,NaN,0
156,NaN,19.0539,NaN,0
156,NaN,15.3553,NaN,0
157,NaN,17.3876,NaN,0
157,NaN,13.6430,NaN,0
157,NaN,22.3134,NaN,0
158,NaN,14.0622,NaN,0
158,NaN,14.5218,NaN,0
158,NaN,15.3747,NaN,0
159,NaN,15.6188,NaN,0
159,NaN,14.7541,NaN,0
159,NaN,12.6436,NaN,0
160,NaN,14.0758,NaN,0
160,NaN,13.8860,NaN,0
160,NaN,16.2218,NaN,0
161,NaN,15.6212,NaN,0
161,NaN,15.9068,NaN,0
161,NaN,12.9776,NaN,0
162,NaN,16.9737,NaN,0
162,NaN,14.3318,NaN,0
162,NaN,17.3686,NaN,0
163,NaN,16.2330,NaN,0
163,NaN,14.4072,NaN,0
163,NaN,18.6970,NaN,0
164,NaN,17.8564,NaN,0
164,NaN,12.7451,NaN,0
164,NaN,13.5574,NaN,0
165,NaN,15.1980,NaN,0
165,NaN,12.4848,NaN,0
165,NaN,13.8655,NaN,0
166,NaN,17.1874,NaN,0
166,NaN,13.1664,NaN,0
166,NaN,17.8931,NaN,0
167,NaN,12.1267,NaN,0
167,NaN,14.6170,NaN,0
167,NaN,14.2858,NaN,0
168,NaN,NaN,NaN,1
168,NaN,12.6522,NaN,0
168,NaN,16.0766,NaN,0
169,NaN,19.4514,NaN,0
169,NaN,14.0762,NaN,0
169,NaN,12.9457,NaN,0
170,NaN,12.3479,NaN,0
170,NaN,13.2108,NaN,0
170,NaN,13.2976,NaN,0
171,NaN,14.2610,NaN,0
171,NaN,13.2813,NaN,0
171,NaN,14.8716,NaN,0
172,NaN,14.9477,NaN,0
172,NaN,16.7880,NaN,0
172,NaN,13.2279,NaN,0
173,NaN,13.4227,NaN,0
173,NaN,16.1412,NaN,0
173,NaN,13.5670,NaN,0
174,NaN,12.4443,NaN,0
174,NaN,12.1291,NaN,0
174,NaN,12.9752,NaN,0
175,NaN,13.8216,NaN,0
175,NaN,13.7272,NaN,0
175,NaN,12.4612,NaN,0
176,NaN,13.1235,NaN,0
176,NaN,13.6437,NaN,0
176,NaN,12.9819,NaN,0
177,NaN,15.3956,NaN,0
177,NaN,13.0818,NaN,0
177,NaN,13.9966,NaN,0
178,NaN,15.1277,NaN,0
178,NaN,12.5742,NaN,0
178,NaN,14.6906,NaN,0
179,NaN,14.1122,NaN,0
179,NaN,14.5822,NaN,0
179,NaN,14.6935,NaN,0
180,NaN,16.9477,NaN,0
180,NaN,13.4506,NaN,0
180,NaN,17.6656,NaN,0
181,NaN,12.2011,NaN,0
181,NaN,11.7722,NaN,0
181,NaN,15.8927,NaN,0
182,NaN,13.7219,NaN,0
182,NaN,12.4238,NaN,0
182,NaN,18.3122,NaN,0
183,NaN,14.1308,NaN,0
183,NaN,14.6523,NaN,0
183,NaN,11.6513,NaN,0
184,NaN,13.8724,NaN,0
184,NaN,17.3173,NaN,0
184,NaN,12.3289,NaN,0
185,NaN,15.7225,NaN,0
185,NaN,13.8299,NaN,0
185,NaN,13.9081,NaN,0
186,NaN,13.3691,NaN,0
186,NaN,12.8195,NaN,0
186,NaN,11.6966,NaN,0
187,NaN,13.5462,NaN,0
187,NaN,13.4549,NaN,0
187,NaN,13.0208,NaN,0
188,NaN,13.8230,NaN,0
188,NaN,13.6266,NaN,0
188,NaN,14.4722,NaN,0
189,NaN,13.4552,NaN,0
189,NaN,12.7447,NaN,0
189,NaN,11.2798,NaN,0
190,NaN,12.9242,NaN,0
190,NaN,14.3960,NaN,0
190,NaN,12.5382,NaN,0
191,NaN,14.7269,NaN,0
191,NaN,11.2870,NaN,0
191,NaN,14.1702,NaN,0
192,NaN,11.9855,NaN,0
192,NaN,12.2979,NaN,0
192,NaN,12.8689,NaN,0
193,NaN,17.5524,NaN,0
193,NaN,13.2258,NaN,0
193,NaN,13.0281,NaN,0
194,NaN,11.8256,NaN,0
194,NaN,13.3960,NaN,0
194,NaN,13.4261,NaN,0
195,NaN,13.2692,NaN,0
195,NaN,11.8709,NaN,0
195,NaN,12.4204,NaN,0
196,NaN,12.9745,NaN,0
196,NaN,12.4178,NaN,0
196,NaN,15.6081,NaN,0
197,NaN,12.1830,NaN,0
197,NaN,15.0831,NaN,0
197,NaN,16.2714,NaN,0
198,NaN,13.2792,NaN,0
198,NaN,13.4637,NaN,0
198,NaN,13.2685,NaN,0
199,NaN,11.5488,NaN,0
199,NaN,11.5869,NaN,0
199,NaN,11.8906,NaN,0
200,NaN,16.0055,NaN,0
200,NaN,12.1584,NaN,0
200,NaN,13.7320,NaN,0
201,NaN,12.3127,NaN,0
201,NaN,13.6442,NaN,0
201,NaN,13.2818,NaN,0
202,NaN,12.8081,NaN,0
202,NaN,13.0813,NaN,0
202,NaN,12.4500,NaN,0
203,NaN,14.6897,NaN,0
203,NaN,13.6471,NaN,0
203,NaN,12.6865,NaN,0
204,NaN,11.6861,NaN,0
204,NaN,11.8105,NaN,0
204,NaN,13.9520,NaN,0
205,NaN,13.6013,NaN,0
205,NaN,13.0937,NaN,0
205,NaN,12.4445,NaN,0
206,NaN,16.5193,NaN,0
206,NaN,20.5252,NaN,0
206,NaN,14.9066,NaN,0
207,NaN,16.4244,NaN,0
207,NaN,12.9654,NaN,0
207,NaN,12.4717,NaN,0
208,NaN,14.0824,NaN,0
208,NaN,13.1106,NaN,0
208,NaN,14.6973,NaN,0
209,NaN,11.6253,NaN,0
209,NaN,15.8451,NaN,0
209,NaN,14.9531,NaN,0
210,NaN,16.2911,NaN,0
210,NaN,12.2023,NaN,0
210,NaN,14.0014,NaN,0
211,NaN,11.9057,NaN,0
211,NaN,15.0433,NaN,0
211,NaN,12.9468,NaN,0
212,NaN,12.9135,NaN,0
212,NaN,14.3163,NaN,0
212,NaN,13.7687,NaN,0
213,NaN,15.0511,NaN,0
213,NaN,11.7135,NaN,0
213,NaN,18.3356,NaN,0
214,NaN,11.4975,NaN,0
214,NaN,12.4934,NaN,0
214,NaN,13.9656,NaN,0
215,NaN,13.4945,NaN,0
215,NaN,20.3204,NaN,0
215,NaN,12.9788,NaN,0
216,NaN,15.1010,NaN,0
216,NaN,14.8165,NaN,0
216,NaN,12.7401,NaN,0
217,NaN,13.4544,NaN,0
217,NaN,14.3156,NaN,0
217,NaN,17.3504,NaN,0
218,NaN,12.3429,NaN,0
218,NaN,11.9655,NaN,0
218,NaN,13.7854,NaN,0
219,NaN,13.5183,NaN,0
219,NaN,13.0708,NaN,0
219,NaN,14.8299,NaN,0
220,NaN,11.9128,NaN,0
220,NaN,12.4156,NaN,0
220,NaN,12.1527,NaN,0
221,NaN,15.4717,NaN,0
221,NaN,14.9806,NaN,0
221,NaN,13.9258,NaN,0
222,NaN,16.9809,NaN,0
222,NaN,14.1990,NaN,0
222,NaN,16.0487,NaN,0
223,NaN,14.5946,NaN,0
223,NaN,15.6655,NaN,0
223,NaN,12.6650,NaN,0
224,NaN,15.9912,NaN,0
224,NaN,17.1990,NaN,0
224,NaN,15.0838,NaN,0
225,NaN,14.7545,NaN,0
225,NaN,13.6747,NaN,0
225,NaN,17.4427,NaN,0
226,NaN,16.3436,NaN,0
226,NaN,15.5547,NaN,0
226,NaN,13.2837,NaN,0
227,NaN,14.0643,NaN,0
227,NaN,12.7778,NaN,0
227,NaN,14.3692,NaN,0
228,NaN,12.8212,NaN,0
228,NaN,13.1819,NaN,0
228,NaN,12.0208,NaN,0
229,NaN,12.6660,NaN,0
229,NaN,15.1248,NaN,0
229,NaN,16.6974,NaN,0
230,NaN,17.6451,NaN,0
230,NaN,13.6197,NaN,0
230,NaN,14.3664,NaN,0
231,NaN,14.9722,NaN,0
231,NaN,14.2498,NaN,0
231,NaN,13.7517,NaN,0
232,NaN,16.4061,NaN,0
232,NaN,15.5799,NaN,0
232,NaN,14.0128,NaN,0
233,NaN,12.7470,NaN,0
233,NaN,12.2786,NaN,0
233,NaN,13.4115,NaN,0
234,NaN,13.2153,NaN,0
234,NaN,13.0038,NaN,0
234,NaN,12.8319,NaN,0
235,NaN,17.8571,NaN,0
235,NaN,16.7496,NaN,0
235,NaN,15.5017,NaN,0
236,NaN,13.7045,NaN,0
236,NaN,15.6031,NaN,0
236,NaN,14.1523,NaN,0
237,NaN,13.7596,NaN,0
237,NaN,15.9953,NaN,0
237,NaN,13.6938,NaN,0
238,NaN,13.8290,NaN,0
238,NaN,NaN,NaN,1
238,NaN,16.8085,NaN,0
239,NaN,14.3116,NaN,0
239,NaN,18.7626,NaN,0
239,NaN,13.6490,NaN,0
240,NaN,16.6323,NaN,0
240,NaN,13.4442,NaN,0
240,NaN,14.3502,NaN,0
241,NaN,12.0533,NaN,0
241,NaN,16.8586,NaN,0
241,NaN,16.3081,NaN,0
242,NaN,12.4710,NaN,0
242,NaN,16.6454,NaN,0
242,NaN,13.6974,NaN,0
243,NaN,15.6443,NaN,0
243,NaN,16.5186,NaN,0
243,NaN,15.2028,NaN,0
244,NaN,13.6178,NaN,0
244,NaN,20.3433,NaN,0
244,NaN,14.8611,NaN,0
245,NaN,15.5869,NaN,0
245,NaN,14.9527,NaN,0
245,NaN,12.7017,NaN,0
246,NaN,15.0383,NaN,0
246,NaN,14.9457,NaN,0
246,NaN,16.7401,NaN,0
247,NaN,14.2467,NaN,0
247,NaN,21.6529,NaN,0
247,NaN,14.4687,NaN,0
248,NaN,14.0042,NaN,0
248,NaN,17.3624,NaN,0
248,NaN,15.6739,NaN,0
249,NaN,14.2181,NaN,0
249,NaN,14.4041,NaN,0
249,NaN,14.8082,NaN,0
250,NaN,15.5189,NaN,0
250,NaN,20.4914,NaN,0
250,NaN,16.6731,NaN,0
251,NaN,15.2652,NaN,0
251,NaN,14.5380,NaN,0
251,NaN,15.6364,NaN,0
252,NaN,15.1064,NaN,0
252,NaN,15.6121,NaN,0
252,NaN,14.6279,NaN,0
253,NaN,15.7571,NaN,0
253,NaN,15.9380,NaN,0
253,NaN,18.5091,NaN,0
254,NaN,16.3853,NaN,0
254,NaN,15.9431,NaN,0
254,NaN,16.8321,NaN,0
255,NaN,14.0634,NaN,0
255,NaN,19.7661,NaN,0
255,NaN,15.1002,NaN,0
256,NaN,15.4769,NaN,0
256,NaN,16.0725,NaN,0
256,NaN,15.2292,NaN,0
257,NaN,15.7330,NaN,0
257,NaN,15.8951,NaN,0
257,NaN,15.3456,NaN,0
258,NaN,15.1827,NaN,0
258,NaN,16.5336,NaN,0
258,NaN,15.0661,NaN,0
259,NaN,16.1655,NaN,0
259,NaN,16.4626,NaN,0
259,NaN,16.3221,NaN,0
260,NaN,15.9128,NaN,0
260,NaN,14.9181,NaN,0
260,NaN,15.5926,NaN,0
261,NaN,14.4265,NaN,0
261,NaN,23.7348,NaN,0
261,NaN,15.1789,NaN,0
262,NaN,21.8017,NaN,0
262,NaN,16.5834,NaN,0
262,NaN,22.9034,NaN,0
263,NaN,14.6072,NaN,0
263,NaN,15.9545,NaN,0
263,NaN,16.0723,NaN,0
264,NaN,20.0267,NaN,0
264,NaN,18.5056,NaN,0
264,NaN,18.1236,NaN,0
265,NaN,15.7256,NaN,0
265,NaN,18.3408,NaN,0
265,NaN,18.0190,NaN,0
266,NaN,17.2019,NaN,0
266,NaN,17.5378,NaN,0
266,NaN,16.5050,NaN,0
267,NaN,30.8070,NaN,0
267,NaN,22.1274,NaN,0
267,NaN,20.3905,NaN,0
267,NaN,22.6314,NaN,0
267,NaN,22.1775,NaN,0
267,NaN,19.2199,NaN,0
268,NaN,NaN,27.6222,0
268,NaN,NaN,28.1751,0
268,NaN,NaN,31.4639,0
268,NaN,NaN,27.2932,0
268,NaN,NaN,31.8098,0
268,NaN,NaN,31.2047,0
269,NaN,NaN,25.9051,0
269,NaN,NaN,28.0633,0
269,NaN,NaN,29.1409,0
269,NaN,NaN,30.9403,0
269,NaN,NaN,27.8242,0
269,NaN,NaN,29.0568,0
270,NaN,NaN,26.1407,0
270,NaN,NaN,31.8978,0
270,NaN,NaN,26.1073,0
270,NaN,NaN,26.7828,0
270,NaN,NaN,26.6359,0
270,NaN,NaN,30.3164,0
271,NaN,NaN,29.7952,0
271,NaN,NaN,29.8851,0
271,NaN,NaN,30.0078,0
271,NaN,NaN,24.9696,0
271,NaN,NaN,27.1893,0
271,NaN,NaN,31.9433,0
272,NaN,NaN,29.3047,0
272,NaN,NaN,28.2221,0
272,NaN,NaN,27.7228,0
272,NaN,NaN,26.3734,0
272,NaN,NaN,26.3698,0
272,NaN,NaN,31.3416,0
273,NaN,NaN,23.4716,0
273,NaN,NaN,27.0889,0
273,NaN,NaN,20.9517,0
274,NaN,NaN,22.5518,0
274,NaN,NaN,23.9828,0
274,NaN,NaN,28.1291,0
275,NaN,NaN,23.3903,0
275,NaN,NaN,24.0421,0
275,NaN,NaN,22.5596,0
276,NaN,NaN,21.0254,0
276,NaN,NaN,22.6054,0
276,NaN,NaN,21.3470,0
277,NaN,NaN,29.5925,0
277,NaN,NaN,21.9908,0
277,NaN,NaN,21.8725,0
278,NaN,NaN,24.7574,0
278,NaN,NaN,22.2278,0
278,NaN,NaN,24.4813,0
279,NaN,NaN,26.6330,0
279,NaN,NaN,27.6988,0
279,NaN,NaN,25.6224,0
280,NaN,NaN,23.0246,0
280,NaN,NaN,19.3706,0
280,NaN,NaN,21.1484,0
281,NaN,NaN,22.3033,0
281,NaN,NaN,19.9847,0
281,NaN,NaN,21.0485,0
282,NaN,NaN,20.6554,0
282,NaN,NaN,21.3983,0
282,NaN,NaN,22.2771,0
283,NaN,NaN,25.7001,0
283,NaN,NaN,20.1621,0
283,NaN,NaN,24.2290,0
284,NaN,NaN,23.3827,0
284,NaN,NaN,21.5344,0
284,NaN,NaN,21.4422,0
285,NaN,NaN,21.7221,0
285,NaN,NaN,22.2983,0
285,NaN,NaN,23.7906,0
286,NaN,NaN,23.1533,0
286,NaN,NaN,22.3305,0
286,NaN,NaN,19.8917,0
287,NaN,NaN,21.3833,0
287,NaN,NaN,23.2246,0
287,NaN,NaN,22.1474,0
288,NaN,NaN,21.4014,0
288,NaN,NaN,21.1341,0
288,NaN,NaN,22.8479,0
289,NaN,NaN,24.1611,0
289,NaN,NaN,22.1295,0
289,NaN,NaN,21.8482,0
290,NaN,NaN,23.4101,0
290,NaN,NaN,20.0667,0
290,NaN,NaN,23.5124,0
291,NaN,NaN,22.4609,0
291,NaN,NaN,21.8306,0
291,NaN,NaN,27.6120,0
292,NaN,NaN,20.2835,0
292,NaN,NaN,22.9182,0
292,NaN,NaN,NaN,1
293,NaN,NaN,NaN,1
293,NaN,NaN,NaN,1
293,NaN,NaN,24.4069,0
294,NaN,NaN,28.7795,0
294,NaN,NaN,20.3991,0
294,NaN,NaN,23.4444,0
295,NaN,NaN,22.4135,0
295,NaN,NaN,28.6548,0
295,NaN,NaN,21.4729,0
296,NaN,NaN,20.6010,0
296,NaN,NaN,20.8013,0
296,NaN,NaN,20.9954,0
297,NaN,NaN,20.9622,0
297,NaN,NaN,20.1910,0
297,NaN,NaN,19.8319,0
298,NaN,NaN,20.7887,0
298,NaN,NaN,22.3756,0
298,NaN,NaN,23.7100,0
299,NaN,NaN,21.7729,0
299,NaN,NaN,22.5570,0
299,NaN,NaN,19.3350,0
300,NaN,NaN,22.4199,0
300,NaN,NaN,21.4381,0
300,NaN,NaN,22.6252,0
301,NaN,NaN,21.3435,0
301,NaN,NaN,30.5409,0
301,NaN,NaN,20.0529,0
302,NaN,NaN,23.7408,0
302,NaN,NaN,22.3336,0
302,NaN,NaN,22.3150,0
303,NaN,NaN,21.3389,0
303,NaN,NaN,20.7355,0
303,NaN,NaN,20.1328,0
304,NaN,NaN,21.8828,0
304,NaN,NaN,22.3682,0
304,NaN,NaN,27.2145,0
305,NaN,NaN,19.3830,0
305,NaN,NaN,20.9515,0
305,NaN,NaN,19.4073,0
306,NaN,NaN,19.2611,0
306,NaN,NaN,20.8011,0
306,NaN,NaN,20.7098,0
307,NaN,NaN,20.4432,0
307,NaN,NaN,24.2574,0
307,NaN,NaN,19.5258,0
308,NaN,NaN,21.4565,0
308,NaN,NaN,17.8766,0
308,NaN,NaN,21.1015,0
309,NaN,NaN,20.5119,0
309,NaN,NaN,20.5748,0
309,NaN,NaN,19.4416,0
310,NaN,NaN,23.3183,0
310,NaN,NaN,19.6521,0
310,NaN,NaN,20.3502,0
311,NaN,NaN,22.0816,0
311,NaN,NaN,22.0618,0
311,NaN,NaN,19.5906,0
312,NaN,NaN,21.7643,0
312,NaN,NaN,23.6106,0
312,NaN,NaN,21.9023,0
313,NaN,NaN,21.7214,0
313,NaN,NaN,20.8807,0
313,NaN,NaN,20.8223,0
314,NaN,NaN,22.7616,0
314,NaN,NaN,21.8182,0
314,NaN,NaN,21.6079,0
315,NaN,NaN,23.5553,0
315,NaN,NaN,20.7865,0
315,NaN,NaN,20.7648,0
316,NaN,NaN,19.1996,0
316,NaN,NaN,23.3901,0
316,NaN,NaN,19.3737,0
317,NaN,NaN,19.4862,0
317,NaN,NaN,24.8771,0
317,NaN,NaN,19.9196,0
318,NaN,NaN,22.8136,0
318,NaN,NaN,27.1873,0
318,NaN,NaN,22.0191,0
319,NaN,NaN,21.1473,0
319,NaN,NaN,21.6672,0
319,NaN,NaN,21.4269,0
320,NaN,NaN,21.4520,0
320,NaN,NaN,19.6810,0
320,NaN,NaN,23.7494,0
321,NaN,NaN,20.3876,0
321,NaN,NaN,NaN,1
321,NaN,NaN,23.4888,0
322,NaN,NaN,NaN,1
322,NaN,NaN,NaN,1
322,NaN,NaN,NaN,1
323,NaN,NaN,22.0139,0
323,NaN,NaN,21.8370,0
323,NaN,NaN,22.6247,0
324,NaN,NaN,20.4391,0
324,NaN,NaN,21.5931,0
324,NaN,NaN,21.9729,0
325,NaN,NaN,21.3070,0
325,NaN,NaN,21.1027,0
325,NaN,NaN,22.9712,0
326,NaN,NaN,23.3028,0
326,NaN,NaN,21.6334,0
326,NaN,NaN,24.1899,0
327,NaN,NaN,20.3576,0
327,NaN,NaN,24.9290,0
327,NaN,NaN,23.9940,0
328,NaN,NaN,20.5898,0
328,NaN,NaN,21.3201,0
328,NaN,NaN,22.1028,0
329,NaN,NaN,21.9808,0
329,NaN,NaN,20.1426,0
329,NaN,NaN,20.2062,0
330,NaN,NaN,21.1673,0
330,NaN,NaN,24.1873,0
330,NaN,NaN,20.6547,0
331,NaN,NaN,21.1544,0
331,NaN,NaN,28.8947,0
331,NaN,NaN,19.9955,0
332,NaN,NaN,21.4937,0
332,NaN,NaN,21.7607,0
332,NaN,NaN,20.6132,0
333,NaN,NaN,21.3699,0
333,NaN,NaN,24.8575,0
333,NaN,NaN,21.0712,0
334,NaN,NaN,19.8209,0
334,NaN,NaN,18.5750,0
334,NaN,NaN,19.6548,0
335,NaN,NaN,21.4262,0
335,NaN,NaN,19.7389,0
335,NaN,NaN,20.3567,0
336,NaN,NaN,24.4334,0
336,NaN,NaN,23.5581,0
336,NaN,NaN,19.5308,0
337,NaN,NaN,24.1394,0
337,NaN,NaN,20.1983,0
337,NaN,NaN,21.4393,0
338,NaN,NaN,26.6235,0
338,NaN,NaN,20.9491,0
338,NaN,NaN,20.4682,0
339,NaN,NaN,24.0498,0
339,NaN,NaN,21.4441,0
339,NaN,NaN,19.5858,0
340,NaN,NaN,26.6478,0
340,NaN,NaN,NaN,1
340,NaN,NaN,20.0033,0
341,NaN,NaN,NaN,1
341,NaN,NaN,NaN,1
341,NaN,NaN,NaN,1
342,NaN,NaN,20.3030,0
342,NaN,NaN,20.9117,0
342,NaN,NaN,21.6503,0
343,NaN,NaN,21.5564,0
343,NaN,NaN,26.6063,0
343,NaN,NaN,22.9955,0
344,NaN,NaN,21.8852,0
344,NaN,NaN,21.6610,0
344,NaN,NaN,21.3065,0
345,NaN,NaN,19.8174,0
345,NaN,NaN,23.5894,0
345,NaN,NaN,22.2857,0
346,NaN,NaN,21.0178,0
346,NaN,NaN,23.4795,0
346,NaN,NaN,24.5347,0
347,NaN,NaN,22.3067,0
347,NaN,NaN,21.0946,0
347,NaN,NaN,22.7392,0
348,NaN,NaN,23.5596,0
348,NaN,NaN,22.2511,0
348,NaN,NaN,18.8878,0
349,NaN,NaN,24.2436,0
349,NaN,NaN,21.7090,0
349,NaN,NaN,21.8110,0
350,NaN,NaN,22.0635,0
350,NaN,NaN,20.8201,0
350,NaN,NaN,20.1998,0
351,NaN,NaN,21.6343,0
351,NaN,NaN,22.4643,0
351,NaN,NaN,22.4440,0
352,NaN,NaN,24.2016,0
352,NaN,NaN,19.1584,0
352,NaN,NaN,22.1465,0
353,NaN,NaN,22.7532,0
353,NaN,NaN,20.4468,0
353,NaN,NaN,24.9865,0
354,NaN,NaN,24.3795,0
354,NaN,NaN,22.8393,0
354,NaN,NaN,20.9894,0
355,NaN,NaN,22.1758,0
355,NaN,NaN,22.8496,0
355,NaN,NaN,21.2204,0
356,NaN,NaN,23.0515,0
356,NaN,NaN,21.6069,0
356,NaN,NaN,23.3331,0
357,NaN,NaN,23.6952,0
357,NaN,NaN,25.6069,0
357,NaN,NaN,22.7895,0
358,NaN,NaN,22.5101,0
358,NaN,NaN,21.5538,0
358,NaN,NaN,22.9552,0
359,NaN,NaN,25.0967,0
359,NaN,NaN,22.6479,0
359,NaN,NaN,23.4995,0
360,NaN,NaN,27.4916,0
360,NaN,NaN,22.1620,0
360,NaN,NaN,23.0985,0
361,NaN,NaN,23.3490,0
361,NaN,NaN,22.9366,0
361,NaN,NaN,20.9060,0
362,NaN,NaN,21.4446,0
362,NaN,NaN,20.6072,0
362,NaN,NaN,23.0713,0
363,NaN,NaN,22.0821,0
363,NaN,NaN,23.5543,0
363,NaN,NaN,21.0752,0
364,NaN,NaN,23.7885,0
364,NaN,NaN,22.7468,0
364,NaN,NaN,26.7167,0
365,NaN,NaN,22.6285,0
365,NaN,NaN,23.8223,0
365,NaN,NaN,22.0730,0
366,NaN,NaN,21.6355,0
366,NaN,NaN,24.8375,0
366,NaN,NaN,25.7928,0
367,NaN,NaN,21.3411,0
367,NaN,NaN,26.5646,0
367,NaN,NaN,19.9940,0
368,NaN,NaN,22.4531,0
368,NaN,NaN,24.0171,0
368,NaN,NaN,21.6351,0
369,NaN,NaN,24.7204,0
369,NaN,NaN,23.8352,0
369,NaN,NaN,24.5378,0
370,NaN,NaN,22.3393,0
370,NaN,NaN,26.0715,0
370,NaN,NaN,25.7611,0
371,NaN,NaN,24.0226,0
371,NaN,NaN,22.2638,0
371,NaN,NaN,25.2848,0
372,NaN,NaN,27.7526,0
372,NaN,NaN,24.8244,0
372,NaN,NaN,24.9660,0
373,NaN,NaN,24.8530,0
373,NaN,NaN,23.6938,0
373,NaN,NaN,25.4374,0
374,NaN,NaN,23.8357,0
374,NaN,NaN,24.4300,0
374,NaN,NaN,26.1338,0
375,NaN,NaN,25.5280,0
375,NaN,NaN,22.7916,0
375,NaN,NaN,26.6409,0
376,NaN,NaN,24.2705,0
376,NaN,NaN,26.6752,0
376,NaN,NaN,25.9979,0
377,NaN,NaN,25.3747,0
377,NaN,NaN,26.9272,0
377,NaN,NaN,22.9170,0
378,NaN,NaN,26.5214,0
378,NaN,NaN,23.4761,0
378,NaN,NaN,27.8471,0
379,NaN,NaN,28.7015,0
379,NaN,NaN,23.3212,0
379,NaN,NaN,22.6936,0
380,NaN,NaN,25.2671,0
380,NaN,NaN,24.1914,0
380,NaN,NaN,23.8631,0
381,NaN,NaN,24.9832,0
381,NaN,NaN,22.9239,0
381,NaN,NaN,26.2120,0
382,NaN,NaN,23.1826,0
382,NaN,NaN,23.0615,0
382,NaN,NaN,30.9279,0
383,NaN,NaN,23.1297,0
383,NaN,NaN,30.6320,0
383,NaN,NaN,27.2427,0
384,NaN,NaN,23.3197,0
384,NaN,NaN,24.4341,0
384,NaN,NaN,24.8690,0
385,NaN,NaN,26.4831,0
385,NaN,NaN,25.2421,0
385,NaN,NaN,23.3831,0
386,NaN,NaN,25.8884,0
386,NaN,NaN,24.5383,0
386,NaN,NaN,21.8058,0
387,NaN,NaN,25.3365,0
387,NaN,NaN,26.5095,0
387,NaN,NaN,22.6002,0
388,NaN,NaN,24.2021,0
388,NaN,NaN,25.3470,0
388,NaN,NaN,27.2584,0
389,NaN,NaN,24.2655,0
389,NaN,NaN,23.1502,0
389,NaN,NaN,26.2380,0
390,NaN,NaN,22.3842,0
390,NaN,NaN,24.9088,0
390,NaN,NaN,22.3310,0
391,NaN,NaN,24.5042,0
391,NaN,NaN,25.5404,0
391,NaN,NaN,24.8053,0
392,NaN,NaN,25.3119,0
392,NaN,NaN,26.3145,0
392,NaN,NaN,28.0654,0
393,NaN,NaN,28.0585,0
393,NaN,NaN,27.6964,0
393,NaN,NaN,25.6417,0
394,NaN,NaN,27.0984,0
394,NaN,NaN,25.9795,0
394,NaN,NaN,30.8936,0
395,NaN,NaN,26.5546,0
395,NaN,NaN,28.0285,0
395,NaN,NaN,25.8248,0
396,NaN,NaN,24.1885,0
396,NaN,NaN,26.1357,0
396,NaN,NaN,29.9025,0
397,NaN,NaN,23.8101,0
397,NaN,NaN,26.5059,0
397,NaN,NaN,23.8926,0
398,NaN,NaN,24.7414,0
398,NaN,NaN,26.2754,0
398,NaN,NaN,23.9384,0
399,NaN,NaN,34.6844,0
399,NaN,NaN,25.9607,0
399,NaN,NaN,35.6419,0
400,NaN,NaN,27.2112,0
400,NaN,NaN,27.8568,0
400,NaN,NaN,28.0726,0
401,NaN,NaN,25.2659,0
401,NaN,NaN,32.0513,0
401,NaN,NaN,23.7544,0
402,NaN,NaN,28.6841,0
402,NaN,NaN,28.8236,0
402,NaN,NaN,28.3008,0
