type,size,rate,duration,duration_min,duration_max,downtime,downtime_min,downtime_max
precopy,256,10,2573.75,2571.45,2577.99,35.19,24.0,40.46
precopy,256,20,2839.74,2838.21,2844.68,42.44,26.74,56.99
precopy,256,30,3200.67,3195.96,3205.58,46.84,25.78,50.4
precopy,256,40,3694.9,3612.64,3707.39,38.85,28.41,52.65
precopy,256,50,4191.58,4155.19,4237.51,61.6,13.91,69.57
precopy,256,60,4950.75,4948.92,4957.42,63.81,27.36,67.26
precopy,256,70,6052.12,6046.83,6066.37,70.61,34.96,91.25
precopy,256,80,7892.68,7841.62,11989.41,51.6,39.23,69.06
precopy,256,90,11176.19,11133.76,14081.71,41.99,39.59,56.39
precopy,256,100,19496.88,19478.77,19536.56,44.37,40.57,57.6
precopy,256,110,103115.55,103115.55,103115.55,32.48,32.48,32.48
