rate,membrane_factor,precopy_factor,stopcopy_duration,membrane_duration,precopy_duration
10,1.0119,1.0927,2358.4,2386.36,2577.05
20,1.0095,1.2051,2365.45,2387.94,2850.65
30,1.0099,1.3498,2360.06,2383.37,3185.58
40,1.0128,1.54,2356.67,2386.73,3629.36
50,1.0095,1.7684,2365.88,2388.28,4183.85
60,1.0059,2.0945,2373.43,2387.4,4971.08
70,1.0131,2.576,2356.98,2387.95,6071.66
80,1.011,3.3821,2361.46,2387.47,7986.76
90,1.0118,4.7713,2361.79,2389.55,11268.9
100,1.0125,8.3186,2363.58,2393.04,19661.67
110,1.0164,36.6764,2355.64,2394.27,86396.28
120,1.0137,,2363.96,2396.38,
130,1.0194,,2354.97,2400.6,
140,1.0129,,2368.7,2399.16,
