route,migration_time,source_duration,downtime,host_window,migration_tax,events
2 -> 3,4416.295,4415.225,1.071,110.078,4.012,44478
3 -> 4,3101.703,3099.288,2.415,70.439,4.4034,29494
4 -> 5,3402.432,3400.648,1.784,82.641,4.1171,33383
5 -> 6,4416.911,4414.609,2.302,68.644,6.4346,43107
6 -> 7,4127.588,4127.067,0.521,85.573,4.8235,39561
7 -> 8,3063.977,3060.504,3.473,63.242,4.8449,28848
8 -> 9,3433.37,3431.611,1.759,88.244,3.8908,31965
9 -> 10,3367.396,3364.702,2.693,59.792,5.6319,32919
10 -> 11,3486.84,3484.736,2.104,91.371,3.8162,33176
11 -> 12,2941.088,2939.037,2.051,54.579,5.3887,26062
12 -> 13,3289.811,3286.666,3.146,95.111,3.4589,31771
