load,checkpoint,sync,create,start,total,total_std
0,787.8,523.8,381.0,539.4,2232.0,20.676073128135354
100,1013.8,521.2,387.0,707.0,2629.0,390.7511996142814
200,1239.0,519.8,390.6,676.0,2825.4,650.6064862879865
300,1192.2,719.6,377.4,692.6,2981.8,1187.0095618822959
400,873.6,520.8,388.8,672.2,2455.4,69.32748372759538
500,855.6,534.6,381.6,770.0,2541.8,161.51996780584128
600,871.8,523.4,392.8,663.2,2451.2,115.95775092679231
700,831.6,536.8,382.4,687.8,2438.6,157.76818437188152
800,880.4,533.0,404.4,866.4,2684.2,458.0520712757448
900,882.8,575.0,417.6,662.0,2537.4,231.3888502067461
1000,1232.4,522.2,369.0,719.0,2842.6,725.1319190326682
