profile,load,iteration,checkpoint,sync,create,start,total
CPU,0%,1,702,545,438,452,2137
CPU,10%,1,992,555,405,507,2459
CPU,20%,1,766,526,399,534,2225
CPU,30%,1,773,564,375,552,2264
CPU,40%,1,1004,515,373,590,2482
CPU,50%,1,763,538,393,556,2250
CPU,60%,1,803,524,383,557,2267
CPU,70%,1,785,515,395,574,2269
CPU,80%,1,844,524,393,595,2356
CPU,90%,1,903,542,508,785,2738
CPU,100%,1,759,563,341,486,2149
CPU,0%,2,698,514,379,467,2058
CPU,10%,2,753,520,375,515,2163
CPU,20%,2,883,565,382,555,2385
CPU,30%,2,2344,518,399,536,3797
CPU,40%,2,796,526,386,535,2243
CPU,50%,2,838,497,376,541,2252
CPU,60%,2,792,762,375,525,2454
CPU,70%,2,824,583,389,545,2341
CPU,80%,2,887,527,392,539,2345
CPU,90%,2,990,513,374,536,2413
CPU,100%,2,834,571,380,534,2319
CPU,0%,3,770,547,370,467,2154
CPU,10%,3,791,514,382,528,2215
CPU,20%,3,898,528,390,527,2343
CPU,30%,3,794,539,379,543,2255
CPU,40%,3,789,552,383,524,2248
CPU,50%,3,814,531,355,541,2241
CPU,60%,3,806,552,374,559,2291
CPU,70%,3,821,527,381,544,2273
CPU,80%,3,809,522,370,759,2460
CPU,90%,3,859,528,373,559,2319
CPU,100%,3,809,531,379,550,2269
CPU,0%,4,698,551,347,597,2193
CPU,10%,4,1807,540,393,715,3455
CPU,20%,4,751,505,384,770,2410
CPU,30%,4,764,552,373,498,2187
CPU,40%,4,734,542,375,538,2189
CPU,50%,4,768,502,399,583,2252
CPU,60%,4,848,524,396,525,2293
CPU,70%,4,769,537,410,545,2261
CPU,80%,4,819,524,382,546,2271
CPU,90%,4,885,516,393,527,2321
CPU,100%,4,822,782,381,523,2508
CPU,0%,5,932,536,388,456,2312
CPU,10%,5,829,500,389,542,2260
CPU,20%,5,763,534,399,519,2215
CPU,30%,5,950,495,393,528,2366
CPU,40%,5,809,521,373,537,2240
CPU,50%,5,763,529,536,838,2666
CPU,60%,5,802,541,348,477,2168
CPU,70%,5,827,522,352,550,2251
CPU,80%,5,768,519,385,513,2185
CPU,90%,5,839,542,424,567,2372
CPU,100%,5,867,561,383,525,2336
Memory,0MB,1,775,531,384,541,2231
Memory,50MB,1,4051,576,402,2436,7465
Memory,100MB,1,7679,1630,353,4566,14228
Memory,150MB,1,10920,1675,364,6219,19178
Memory,200MB,1,14062,722,382,8073,23239
Memory,250MB,1,17600,762,357,10067,28786
Memory,300MB,1,20754,822,352,12632,34560
Memory,350MB,1,24376,848,343,17942,43509
Memory,400MB,1,27159,879,357,16773,45168
Memory,450MB,1,30830,1911,331,18144,51216
Memory,500MB,1,34223,1944,326,21124,57617
Memory,0MB,2,775,523,376,749,2423
Memory,50MB,2,4098,580,367,2393,7438
Memory,100MB,2,8933,1656,366,4361,15316
Memory,150MB,2,10856,660,366,6310,18192
Memory,200MB,2,14224,736,347,8242,23549
Memory,250MB,2,17838,802,336,10046,29022
Memory,300MB,2,20747,1926,355,12068,35096
Memory,350MB,2,23958,1921,353,14180,40412
Memory,400MB,2,27687,1902,331,16860,46780
Memory,450MB,2,30676,902,344,18407,50329
Memory,500MB,2,33887,951,356,20621,55815
Memory,0MB,3,770,534,382,502,2188
Memory,50MB,3,4131,556,333,2423,7443
Memory,100MB,3,7459,608,375,4371,12813
Memory,150MB,3,10643,653,365,6459,18120
Memory,200MB,3,14559,742,351,8192,23844
Memory,250MB,3,17550,778,351,10246,28925
Memory,300MB,3,20834,1868,357,11940,34999
Memory,350MB,3,24393,889,357,14046,39685
Memory,400MB,3,27480,872,359,17266,45977
Memory,450MB,3,30611,914,336,18536,50397
Memory,500MB,3,34119,923,325,21017,56384
Memory,0MB,4,790,513,379,499,2181
Memory,50MB,4,4199,544,361,2368,7472
Memory,100MB,4,7571,1650,374,4410,14005
Memory,150MB,4,10849,1690,357,6266,19162
Memory,200MB,4,15832,727,364,8166,25089
Memory,250MB,4,17326,780,379,10164,28649
Memory,300MB,4,20926,872,337,12047,34182
Memory,350MB,4,23992,860,354,14039,39245
Memory,400MB,4,27311,872,352,16741,45276
Memory,450MB,4,30811,1926,345,18211,51293
Memory,500MB,4,35106,914,350,19627,55997
Memory,0MB,5,805,528,387,516,2236
Memory,50MB,5,4121,591,364,2478,7554
Memory,100MB,5,7705,644,373,4329,13051
Memory,150MB,5,10927,662,445,6231,18265
Memory,200MB,5,14200,733,338,8706,23977
Memory,250MB,5,17324,818,355,10450,28947
Memory,300MB,5,20957,1904,340,12012,35213
Memory,350MB,5,24065,849,347,13758,39019
Memory,400MB,5,28044,1910,348,18352,48654
Memory,450MB,5,31163,1912,361,18382,51818
Memory,500MB,5,34451,927,351,20394,56123
Disk,0MB,1,763,497,390,549,2199
Disk,100MB,1,1713,538,396,664,3311
Disk,200MB,1,2434,526,366,646,3972
Disk,300MB,1,843,529,392,706,2470
Disk,400MB,1,864,527,414,682,2487
Disk,500MB,1,853,526,393,691,2463
Disk,600MB,1,834,513,392,682,2421
Disk,700MB,1,828,549,427,886,2690
Disk,800MB,1,833,543,385,746,2507
Disk,900MB,1,814,539,479,673,2505
Disk,1000MB,1,990,520,372,713,2595
Disk,0MB,2,785,530,384,549,2248
Disk,100MB,2,829,521,393,652,2395
Disk,200MB,2,836,500,398,670,2404
Disk,300MB,2,893,525,371,710,2499
Disk,400MB,2,848,518,390,709,2465
Disk,500MB,2,840,544,413,680,2477
Disk,600MB,2,851,521,403,740,2515
Disk,700MB,2,868,546,361,691,2466
Disk,800MB,2,1003,551,471,1466,3491
Disk,900MB,2,818,531,352,658,2359
Disk,1000MB,2,913,538,383,648,2482
Disk,0MB,3,787,533,370,537,2227
Disk,100MB,3,830,533,381,856,2600
Disk,200MB,3,1101,532,389,672,2694
Disk,300MB,3,2536,1496,365,707,5104
Disk,400MB,3,839,515,373,673,2400
Disk,500MB,3,904,529,389,672,2494
Disk,600MB,3,972,512,404,655,2543
Disk,700MB,3,808,539,363,556,2266
Disk,800MB,3,886,542,402,771,2601
Disk,900MB,3,861,544,478,666,2549
Disk,1000MB,3,852,534,381,672,2439
Disk,0MB,4,820,528,381,521,2250
Disk,100MB,4,861,495,390,707,2453
Disk,200MB,4,831,513,411,713,2468
Disk,300MB,4,827,520,385,659,2391
Disk,400MB,4,988,514,379,668,2549
Disk,500MB,4,836,533,362,1098,2829
Disk,600MB,4,808,529,378,546,2261
Disk,700MB,4,834,527,379,655,2395
Disk,800MB,4,863,515,383,669,2430
Disk,900MB,4,787,531,377,658,2353
Disk,1000MB,4,972,527,370,693,2562
Disk,0MB,5,784,531,380,541,2236
Disk,100MB,5,836,519,375,656,2386
Disk,200MB,5,993,528,389,679,2589
Disk,300MB,5,862,528,374,681,2445
Disk,400MB,5,829,530,388,629,2376
Disk,500MB,5,845,541,351,709,2446
Disk,600MB,5,894,542,387,693,2516
Disk,700MB,5,820,523,382,651,2376
Disk,800MB,5,817,514,381,680,2392
Disk,900MB,5,1134,730,402,655,2921
Disk,1000MB,5,2435,492,339,869,4135
