profile_type,load_value,checkpoint_ms,rsync_ms,create_ms,start_ms,total_ms
CPU,0%,688,543,368,474,2073
CPU,10%,831,532,369,517,2249
CPU,20%,762,553,372,523,2210
CPU,30%,1582,519,385,496,2982
CPU,40%,954,524,347,471,2296
CPU,50%,791,521,376,640,2328
CPU,60%,820,538,355,531,2244
CPU,70%,782,545,395,525,2247
CPU,80%,812,508,403,570,2293
CPU,90%,879,526,393,544,2342
CPU,100%,932,537,562,554,2585
Memory,0MB,807,495,381,527,2210
Memory,50MB,4025,1639,377,2427,8468
Memory,100MB,7618,1637,375,4252,13882
Memory,150MB,10648,675,360,6254,17937
Memory,200MB,14362,718,353,8166,23599
Memory,250MB,17372,829,365,10152,28718
Memory,300MB,20622,849,352,12785,34608
Memory,350MB,24311,1862,352,14655,41180
Memory,400MB,27495,879,358,16552,45284
Memory,450MB,31111,1941,358,18939,52349
Memory,500MB,34258,937,349,25115,60659
Disk,0MB,775,537,381,514,2207
Disk,100MB,936,531,374,539,2380
Disk,200MB,825,523,382,549,2279
Disk,300MB,824,497,379,517,2217
Disk,400MB,944,528,376,535,2383
Disk,500MB,1682,515,374,536,3107
Disk,600MB,937,536,374,563,2410
Disk,700MB,870,518,472,775,2635
Disk,800MB,971,517,369,523,2380
Disk,900MB,780,508,373,532,2193
Disk,1000MB,797,529,391,543,2260
